nohup: ignoring input
==== PREREG Phase 3: model-class panel (rf decision-grade; linear/knn canaries) ====
[run ] python scripts/run_deployment_decay.py --tabred sberbank_housing homesite_insurance ecom_offers homecredit_default cooking_time delivery_eta maps_routing weather --config configs/phase1.yaml --n-seeds 10 --model rf (2026-07-04T06:06:57Z)
/home/tonyhuh/miniconda3/envs/explaintab311/lib/python3.11/site-packages/sklearn/utils/parallel.py:144: UserWarning: `sklearn.utils.parallel.delayed` should be used with `sklearn.utils.parallel.Parallel` to make it possible to propagate the scikit-learn configuration of the current thread to the joblib workers.
  warnings.warn(
/home/tonyhuh/miniconda3/envs/explaintab311/lib/python3.11/site-packages/sklearn/utils/parallel.py:144: UserWarning: `sklearn.utils.parallel.delayed` should be used with `sklearn.utils.parallel.Parallel` to make it possible to propagate the scikit-learn configuration of the current thread to the joblib workers.
  warnings.warn(
/home/tonyhuh/miniconda3/envs/explaintab311/lib/python3.11/site-packages/sklearn/utils/parallel.py:144: UserWarning: `sklearn.utils.parallel.delayed` should be used with `sklearn.utils.parallel.Parallel` to make it possible to propagate the scikit-learn configuration of the current thread to the joblib workers.
  warnings.warn(
/home/tonyhuh/miniconda3/envs/explaintab311/lib/python3.11/site-packages/sklearn/utils/parallel.py:144: UserWarning: `sklearn.utils.parallel.delayed` should be used with `sklearn.utils.parallel.Parallel` to make it possible to propagate the scikit-learn configuration of the current thread to the joblib workers.
  warnings.warn(
/home/tonyhuh/miniconda3/envs/explaintab311/lib/python3.11/site-packages/sklearn/utils/parallel.py:144: UserWarning: `sklearn.utils.parallel.delayed` should be used with `sklearn.utils.parallel.Parallel` to make it possible to propagate the scikit-learn configuration of the current thread to the joblib workers.
  warnings.warn(
/home/tonyhuh/miniconda3/envs/explaintab311/lib/python3.11/site-packages/sklearn/utils/parallel.py:144: UserWarning: `sklearn.utils.parallel.delayed` should be used with `sklearn.utils.parallel.Parallel` to make it possible to propagate the scikit-learn configuration of the current thread to the joblib workers.
  warnings.warn(
/home/tonyhuh/miniconda3/envs/explaintab311/lib/python3.11/site-packages/sklearn/utils/parallel.py:144: UserWarning: `sklearn.utils.parallel.delayed` should be used with `sklearn.utils.parallel.Parallel` to make it possible to propagate the scikit-learn configuration of the current thread to the joblib workers.
  warnings.warn(
/home/tonyhuh/miniconda3/envs/explaintab311/lib/python3.11/site-packages/sklearn/utils/parallel.py:144: UserWarning: `sklearn.utils.parallel.delayed` should be used with `sklearn.utils.parallel.Parallel` to make it possible to propagate the scikit-learn configuration of the current thread to the joblib workers.
  warnings.warn(
/home/tonyhuh/miniconda3/envs/explaintab311/lib/python3.11/site-packages/sklearn/utils/parallel.py:144: UserWarning: `sklearn.utils.parallel.delayed` should be used with `sklearn.utils.parallel.Parallel` to make it possible to propagate the scikit-learn configuration of the current thread to the joblib workers.
  warnings.warn(
/home/tonyhuh/miniconda3/envs/explaintab311/lib/python3.11/site-packages/sklearn/utils/parallel.py:144: UserWarning: `sklearn.utils.parallel.delayed` should be used with `sklearn.utils.parallel.Parallel` to make it possible to propagate the scikit-learn configuration of the current thread to the joblib workers.
  warnings.warn(
/home/tonyhuh/miniconda3/envs/explaintab311/lib/python3.11/site-packages/sklearn/utils/parallel.py:144: UserWarning: `sklearn.utils.parallel.delayed` should be used with `sklearn.utils.parallel.Parallel` to make it possible to propagate the scikit-learn configuration of the current thread to the joblib workers.
  warnings.warn(
/home/tonyhuh/miniconda3/envs/explaintab311/lib/python3.11/site-packages/sklearn/utils/parallel.py:144: UserWarning: `sklearn.utils.parallel.delayed` should be used with `sklearn.utils.parallel.Parallel` to make it possible to propagate the scikit-learn configuration of the current thread to the joblib workers.
  warnings.warn(
/home/tonyhuh/miniconda3/envs/explaintab311/lib/python3.11/site-packages/sklearn/utils/parallel.py:144: UserWarning: `sklearn.utils.parallel.delayed` should be used with `sklearn.utils.parallel.Parallel` to make it possible to propagate the scikit-learn configuration of the current thread to the joblib workers.
  warnings.warn(
/home/tonyhuh/miniconda3/envs/explaintab311/lib/python3.11/site-packages/sklearn/utils/parallel.py:144: UserWarning: `sklearn.utils.parallel.delayed` should be used with `sklearn.utils.parallel.Parallel` to make it possible to propagate the scikit-learn configuration of the current thread to the joblib workers.
  warnings.warn(
/home/tonyhuh/miniconda3/envs/explaintab311/lib/python3.11/site-packages/sklearn/utils/parallel.py:144: UserWarning: `sklearn.utils.parallel.delayed` should be used with `sklearn.utils.parallel.Parallel` to make it possible to propagate the scikit-learn configuration of the current thread to the joblib workers.
  warnings.warn(
/home/tonyhuh/miniconda3/envs/explaintab311/lib/python3.11/site-packages/sklearn/utils/parallel.py:144: UserWarning: `sklearn.utils.parallel.delayed` should be used with `sklearn.utils.parallel.Parallel` to make it possible to propagate the scikit-learn configuration of the current thread to the joblib workers.
  warnings.warn(
/home/tonyhuh/miniconda3/envs/explaintab311/lib/python3.11/site-packages/sklearn/utils/parallel.py:144: UserWarning: `sklearn.utils.parallel.delayed` should be used with `sklearn.utils.parallel.Parallel` to make it possible to propagate the scikit-learn configuration of the current thread to the joblib workers.
  warnings.warn(
/home/tonyhuh/miniconda3/envs/explaintab311/lib/python3.11/site-packages/sklearn/utils/parallel.py:144: UserWarning: `sklearn.utils.parallel.delayed` should be used with `sklearn.utils.parallel.Parallel` to make it possible to propagate the scikit-learn configuration of the current thread to the joblib workers.
  warnings.warn(
/home/tonyhuh/miniconda3/envs/explaintab311/lib/python3.11/site-packages/sklearn/utils/parallel.py:144: UserWarning: `sklearn.utils.parallel.delayed` should be used with `sklearn.utils.parallel.Parallel` to make it possible to propagate the scikit-learn configuration of the current thread to the joblib workers.
  warnings.warn(
/home/tonyhuh/miniconda3/envs/explaintab311/lib/python3.11/site-packages/sklearn/utils/parallel.py:144: UserWarning: `sklearn.utils.parallel.delayed` should be used with `sklearn.utils.parallel.Parallel` to make it possible to propagate the scikit-learn configuration of the current thread to the joblib workers.
  warnings.warn(
/home/tonyhuh/miniconda3/envs/explaintab311/lib/python3.11/site-packages/sklearn/utils/parallel.py:144: UserWarning: `sklearn.utils.parallel.delayed` should be used with `sklearn.utils.parallel.Parallel` to make it possible to propagate the scikit-learn configuration of the current thread to the joblib workers.
  warnings.warn(
/home/tonyhuh/miniconda3/envs/explaintab311/lib/python3.11/site-packages/sklearn/utils/parallel.py:144: UserWarning: `sklearn.utils.parallel.delayed` should be used with `sklearn.utils.parallel.Parallel` to make it possible to propagate the scikit-learn configuration of the current thread to the joblib workers.
  warnings.warn(
/home/tonyhuh/miniconda3/envs/explaintab311/lib/python3.11/site-packages/sklearn/utils/parallel.py:144: UserWarning: `sklearn.utils.parallel.delayed` should be used with `sklearn.utils.parallel.Parallel` to make it possible to propagate the scikit-learn configuration of the current thread to the joblib workers.
  warnings.warn(
/home/tonyhuh/miniconda3/envs/explaintab311/lib/python3.11/site-packages/sklearn/utils/parallel.py:144: UserWarning: `sklearn.utils.parallel.delayed` should be used with `sklearn.utils.parallel.Parallel` to make it possible to propagate the scikit-learn configuration of the current thread to the joblib workers.
  warnings.warn(
/home/tonyhuh/miniconda3/envs/explaintab311/lib/python3.11/site-packages/sklearn/utils/parallel.py:144: UserWarning: `sklearn.utils.parallel.delayed` should be used with `sklearn.utils.parallel.Parallel` to make it possible to propagate the scikit-learn configuration of the current thread to the joblib workers.
  warnings.warn(
/home/tonyhuh/miniconda3/envs/explaintab311/lib/python3.11/site-packages/sklearn/utils/parallel.py:144: UserWarning: `sklearn.utils.parallel.delayed` should be used with `sklearn.utils.parallel.Parallel` to make it possible to propagate the scikit-learn configuration of the current thread to the joblib workers.
  warnings.warn(
/home/tonyhuh/miniconda3/envs/explaintab311/lib/python3.11/site-packages/sklearn/utils/parallel.py:144: UserWarning: `sklearn.utils.parallel.delayed` should be used with `sklearn.utils.parallel.Parallel` to make it possible to propagate the scikit-learn configuration of the current thread to the joblib workers.
  warnings.warn(
/home/tonyhuh/miniconda3/envs/explaintab311/lib/python3.11/site-packages/sklearn/utils/parallel.py:144: UserWarning: `sklearn.utils.parallel.delayed` should be used with `sklearn.utils.parallel.Parallel` to make it possible to propagate the scikit-learn configuration of the current thread to the joblib workers.
  warnings.warn(
/home/tonyhuh/miniconda3/envs/explaintab311/lib/python3.11/site-packages/sklearn/utils/parallel.py:144: UserWarning: `sklearn.utils.parallel.delayed` should be used with `sklearn.utils.parallel.Parallel` to make it possible to propagate the scikit-learn configuration of the current thread to the joblib workers.
  warnings.warn(
/home/tonyhuh/miniconda3/envs/explaintab311/lib/python3.11/site-packages/sklearn/utils/parallel.py:144: UserWarning: `sklearn.utils.parallel.delayed` should be used with `sklearn.utils.parallel.Parallel` to make it possible to propagate the scikit-learn configuration of the current thread to the joblib workers.
  warnings.warn(
/home/tonyhuh/miniconda3/envs/explaintab311/lib/python3.11/site-packages/sklearn/utils/parallel.py:144: UserWarning: `sklearn.utils.parallel.delayed` should be used with `sklearn.utils.parallel.Parallel` to make it possible to propagate the scikit-learn configuration of the current thread to the joblib workers.
  warnings.warn(
/home/tonyhuh/miniconda3/envs/explaintab311/lib/python3.11/site-packages/sklearn/utils/parallel.py:144: UserWarning: `sklearn.utils.parallel.delayed` should be used with `sklearn.utils.parallel.Parallel` to make it possible to propagate the scikit-learn configuration of the current thread to the joblib workers.
  warnings.warn(
/home/tonyhuh/miniconda3/envs/explaintab311/lib/python3.11/site-packages/sklearn/utils/parallel.py:144: UserWarning: `sklearn.utils.parallel.delayed` should be used with `sklearn.utils.parallel.Parallel` to make it possible to propagate the scikit-learn configuration of the current thread to the joblib workers.
  warnings.warn(
/home/tonyhuh/miniconda3/envs/explaintab311/lib/python3.11/site-packages/sklearn/utils/parallel.py:144: UserWarning: `sklearn.utils.parallel.delayed` should be used with `sklearn.utils.parallel.Parallel` to make it possible to propagate the scikit-learn configuration of the current thread to the joblib workers.
  warnings.warn(
/home/tonyhuh/miniconda3/envs/explaintab311/lib/python3.11/site-packages/sklearn/utils/parallel.py:144: UserWarning: `sklearn.utils.parallel.delayed` should be used with `sklearn.utils.parallel.Parallel` to make it possible to propagate the scikit-learn configuration of the current thread to the joblib workers.
  warnings.warn(
/home/tonyhuh/miniconda3/envs/explaintab311/lib/python3.11/site-packages/sklearn/utils/parallel.py:144: UserWarning: `sklearn.utils.parallel.delayed` should be used with `sklearn.utils.parallel.Parallel` to make it possible to propagate the scikit-learn configuration of the current thread to the joblib workers.
  warnings.warn(
/home/tonyhuh/miniconda3/envs/explaintab311/lib/python3.11/site-packages/sklearn/utils/parallel.py:144: UserWarning: `sklearn.utils.parallel.delayed` should be used with `sklearn.utils.parallel.Parallel` to make it possible to propagate the scikit-learn configuration of the current thread to the joblib workers.
  warnings.warn(
/home/tonyhuh/miniconda3/envs/explaintab311/lib/python3.11/site-packages/sklearn/utils/parallel.py:144: UserWarning: `sklearn.utils.parallel.delayed` should be used with `sklearn.utils.parallel.Parallel` to make it possible to propagate the scikit-learn configuration of the current thread to the joblib workers.
  warnings.warn(
/home/tonyhuh/miniconda3/envs/explaintab311/lib/python3.11/site-packages/sklearn/utils/parallel.py:144: UserWarning: `sklearn.utils.parallel.delayed` should be used with `sklearn.utils.parallel.Parallel` to make it possible to propagate the scikit-learn configuration of the current thread to the joblib workers.
  warnings.warn(
/home/tonyhuh/miniconda3/envs/explaintab311/lib/python3.11/site-packages/sklearn/utils/parallel.py:144: UserWarning: `sklearn.utils.parallel.delayed` should be used with `sklearn.utils.parallel.Parallel` to make it possible to propagate the scikit-learn configuration of the current thread to the joblib workers.
  warnings.warn(
/home/tonyhuh/miniconda3/envs/explaintab311/lib/python3.11/site-packages/sklearn/utils/parallel.py:144: UserWarning: `sklearn.utils.parallel.delayed` should be used with `sklearn.utils.parallel.Parallel` to make it possible to propagate the scikit-learn configuration of the current thread to the joblib workers.
  warnings.warn(
/home/tonyhuh/miniconda3/envs/explaintab311/lib/python3.11/site-packages/sklearn/utils/parallel.py:144: UserWarning: `sklearn.utils.parallel.delayed` should be used with `sklearn.utils.parallel.Parallel` to make it possible to propagate the scikit-learn configuration of the current thread to the joblib workers.
  warnings.warn(
/home/tonyhuh/miniconda3/envs/explaintab311/lib/python3.11/site-packages/sklearn/utils/parallel.py:144: UserWarning: `sklearn.utils.parallel.delayed` should be used with `sklearn.utils.parallel.Parallel` to make it possible to propagate the scikit-learn configuration of the current thread to the joblib workers.
  warnings.warn(
/home/tonyhuh/miniconda3/envs/explaintab311/lib/python3.11/site-packages/sklearn/utils/parallel.py:144: UserWarning: `sklearn.utils.parallel.delayed` should be used with `sklearn.utils.parallel.Parallel` to make it possible to propagate the scikit-learn configuration of the current thread to the joblib workers.
  warnings.warn(
/home/tonyhuh/miniconda3/envs/explaintab311/lib/python3.11/site-packages/sklearn/utils/parallel.py:144: UserWarning: `sklearn.utils.parallel.delayed` should be used with `sklearn.utils.parallel.Parallel` to make it possible to propagate the scikit-learn configuration of the current thread to the joblib workers.
  warnings.warn(
/home/tonyhuh/miniconda3/envs/explaintab311/lib/python3.11/site-packages/sklearn/utils/parallel.py:144: UserWarning: `sklearn.utils.parallel.delayed` should be used with `sklearn.utils.parallel.Parallel` to make it possible to propagate the scikit-learn configuration of the current thread to the joblib workers.
  warnings.warn(
/home/tonyhuh/miniconda3/envs/explaintab311/lib/python3.11/site-packages/sklearn/utils/parallel.py:144: UserWarning: `sklearn.utils.parallel.delayed` should be used with `sklearn.utils.parallel.Parallel` to make it possible to propagate the scikit-learn configuration of the current thread to the joblib workers.
  warnings.warn(
/home/tonyhuh/miniconda3/envs/explaintab311/lib/python3.11/site-packages/sklearn/utils/parallel.py:144: UserWarning: `sklearn.utils.parallel.delayed` should be used with `sklearn.utils.parallel.Parallel` to make it possible to propagate the scikit-learn configuration of the current thread to the joblib workers.
  warnings.warn(
/home/tonyhuh/miniconda3/envs/explaintab311/lib/python3.11/site-packages/sklearn/utils/parallel.py:144: UserWarning: `sklearn.utils.parallel.delayed` should be used with `sklearn.utils.parallel.Parallel` to make it possible to propagate the scikit-learn configuration of the current thread to the joblib workers.
  warnings.warn(
/home/tonyhuh/miniconda3/envs/explaintab311/lib/python3.11/site-packages/sklearn/utils/parallel.py:144: UserWarning: `sklearn.utils.parallel.delayed` should be used with `sklearn.utils.parallel.Parallel` to make it possible to propagate the scikit-learn configuration of the current thread to the joblib workers.
  warnings.warn(
/home/tonyhuh/miniconda3/envs/explaintab311/lib/python3.11/site-packages/sklearn/utils/parallel.py:144: UserWarning: `sklearn.utils.parallel.delayed` should be used with `sklearn.utils.parallel.Parallel` to make it possible to propagate the scikit-learn configuration of the current thread to the joblib workers.
  warnings.warn(
/home/tonyhuh/miniconda3/envs/explaintab311/lib/python3.11/site-packages/sklearn/utils/parallel.py:144: UserWarning: `sklearn.utils.parallel.delayed` should be used with `sklearn.utils.parallel.Parallel` to make it possible to propagate the scikit-learn configuration of the current thread to the joblib workers.
  warnings.warn(
/home/tonyhuh/miniconda3/envs/explaintab311/lib/python3.11/site-packages/sklearn/utils/parallel.py:144: UserWarning: `sklearn.utils.parallel.delayed` should be used with `sklearn.utils.parallel.Parallel` to make it possible to propagate the scikit-learn configuration of the current thread to the joblib workers.
  warnings.warn(
/home/tonyhuh/miniconda3/envs/explaintab311/lib/python3.11/site-packages/sklearn/utils/parallel.py:144: UserWarning: `sklearn.utils.parallel.delayed` should be used with `sklearn.utils.parallel.Parallel` to make it possible to propagate the scikit-learn configuration of the current thread to the joblib workers.
  warnings.warn(
/home/tonyhuh/miniconda3/envs/explaintab311/lib/python3.11/site-packages/sklearn/utils/parallel.py:144: UserWarning: `sklearn.utils.parallel.delayed` should be used with `sklearn.utils.parallel.Parallel` to make it possible to propagate the scikit-learn configuration of the current thread to the joblib workers.
  warnings.warn(
/home/tonyhuh/miniconda3/envs/explaintab311/lib/python3.11/site-packages/sklearn/utils/parallel.py:144: UserWarning: `sklearn.utils.parallel.delayed` should be used with `sklearn.utils.parallel.Parallel` to make it possible to propagate the scikit-learn configuration of the current thread to the joblib workers.
  warnings.warn(
/home/tonyhuh/miniconda3/envs/explaintab311/lib/python3.11/site-packages/sklearn/utils/parallel.py:144: UserWarning: `sklearn.utils.parallel.delayed` should be used with `sklearn.utils.parallel.Parallel` to make it possible to propagate the scikit-learn configuration of the current thread to the joblib workers.
  warnings.warn(
/home/tonyhuh/miniconda3/envs/explaintab311/lib/python3.11/site-packages/sklearn/utils/parallel.py:144: UserWarning: `sklearn.utils.parallel.delayed` should be used with `sklearn.utils.parallel.Parallel` to make it possible to propagate the scikit-learn configuration of the current thread to the joblib workers.
  warnings.warn(
/home/tonyhuh/miniconda3/envs/explaintab311/lib/python3.11/site-packages/sklearn/utils/parallel.py:144: UserWarning: `sklearn.utils.parallel.delayed` should be used with `sklearn.utils.parallel.Parallel` to make it possible to propagate the scikit-learn configuration of the current thread to the joblib workers.
  warnings.warn(
/home/tonyhuh/miniconda3/envs/explaintab311/lib/python3.11/site-packages/sklearn/utils/parallel.py:144: UserWarning: `sklearn.utils.parallel.delayed` should be used with `sklearn.utils.parallel.Parallel` to make it possible to propagate the scikit-learn configuration of the current thread to the joblib workers.
  warnings.warn(
/home/tonyhuh/miniconda3/envs/explaintab311/lib/python3.11/site-packages/sklearn/utils/parallel.py:144: UserWarning: `sklearn.utils.parallel.delayed` should be used with `sklearn.utils.parallel.Parallel` to make it possible to propagate the scikit-learn configuration of the current thread to the joblib workers.
  warnings.warn(
/home/tonyhuh/miniconda3/envs/explaintab311/lib/python3.11/site-packages/sklearn/utils/parallel.py:144: UserWarning: `sklearn.utils.parallel.delayed` should be used with `sklearn.utils.parallel.Parallel` to make it possible to propagate the scikit-learn configuration of the current thread to the joblib workers.
  warnings.warn(
/home/tonyhuh/miniconda3/envs/explaintab311/lib/python3.11/site-packages/sklearn/utils/parallel.py:144: UserWarning: `sklearn.utils.parallel.delayed` should be used with `sklearn.utils.parallel.Parallel` to make it possible to propagate the scikit-learn configuration of the current thread to the joblib workers.
  warnings.warn(
/home/tonyhuh/miniconda3/envs/explaintab311/lib/python3.11/site-packages/sklearn/utils/parallel.py:144: UserWarning: `sklearn.utils.parallel.delayed` should be used with `sklearn.utils.parallel.Parallel` to make it possible to propagate the scikit-learn configuration of the current thread to the joblib workers.
  warnings.warn(
/home/tonyhuh/miniconda3/envs/explaintab311/lib/python3.11/site-packages/sklearn/utils/parallel.py:144: UserWarning: `sklearn.utils.parallel.delayed` should be used with `sklearn.utils.parallel.Parallel` to make it possible to propagate the scikit-learn configuration of the current thread to the joblib workers.
  warnings.warn(
/home/tonyhuh/miniconda3/envs/explaintab311/lib/python3.11/site-packages/sklearn/utils/parallel.py:144: UserWarning: `sklearn.utils.parallel.delayed` should be used with `sklearn.utils.parallel.Parallel` to make it possible to propagate the scikit-learn configuration of the current thread to the joblib workers.
  warnings.warn(
/home/tonyhuh/miniconda3/envs/explaintab311/lib/python3.11/site-packages/sklearn/utils/parallel.py:144: UserWarning: `sklearn.utils.parallel.delayed` should be used with `sklearn.utils.parallel.Parallel` to make it possible to propagate the scikit-learn configuration of the current thread to the joblib workers.
  warnings.warn(
/home/tonyhuh/miniconda3/envs/explaintab311/lib/python3.11/site-packages/sklearn/utils/parallel.py:144: UserWarning: `sklearn.utils.parallel.delayed` should be used with `sklearn.utils.parallel.Parallel` to make it possible to propagate the scikit-learn configuration of the current thread to the joblib workers.
  warnings.warn(
/home/tonyhuh/miniconda3/envs/explaintab311/lib/python3.11/site-packages/sklearn/utils/parallel.py:144: UserWarning: `sklearn.utils.parallel.delayed` should be used with `sklearn.utils.parallel.Parallel` to make it possible to propagate the scikit-learn configuration of the current thread to the joblib workers.
  warnings.warn(
/home/tonyhuh/miniconda3/envs/explaintab311/lib/python3.11/site-packages/sklearn/utils/parallel.py:144: UserWarning: `sklearn.utils.parallel.delayed` should be used with `sklearn.utils.parallel.Parallel` to make it possible to propagate the scikit-learn configuration of the current thread to the joblib workers.
  warnings.warn(
/home/tonyhuh/miniconda3/envs/explaintab311/lib/python3.11/site-packages/sklearn/utils/parallel.py:144: UserWarning: `sklearn.utils.parallel.delayed` should be used with `sklearn.utils.parallel.Parallel` to make it possible to propagate the scikit-learn configuration of the current thread to the joblib workers.
  warnings.warn(
/home/tonyhuh/miniconda3/envs/explaintab311/lib/python3.11/site-packages/sklearn/utils/parallel.py:144: UserWarning: `sklearn.utils.parallel.delayed` should be used with `sklearn.utils.parallel.Parallel` to make it possible to propagate the scikit-learn configuration of the current thread to the joblib workers.
  warnings.warn(
/home/tonyhuh/miniconda3/envs/explaintab311/lib/python3.11/site-packages/sklearn/utils/parallel.py:144: UserWarning: `sklearn.utils.parallel.delayed` should be used with `sklearn.utils.parallel.Parallel` to make it possible to propagate the scikit-learn configuration of the current thread to the joblib workers.
  warnings.warn(
/home/tonyhuh/miniconda3/envs/explaintab311/lib/python3.11/site-packages/sklearn/utils/parallel.py:144: UserWarning: `sklearn.utils.parallel.delayed` should be used with `sklearn.utils.parallel.Parallel` to make it possible to propagate the scikit-learn configuration of the current thread to the joblib workers.
  warnings.warn(
/home/tonyhuh/miniconda3/envs/explaintab311/lib/python3.11/site-packages/sklearn/utils/parallel.py:144: UserWarning: `sklearn.utils.parallel.delayed` should be used with `sklearn.utils.parallel.Parallel` to make it possible to propagate the scikit-learn configuration of the current thread to the joblib workers.
  warnings.warn(
/home/tonyhuh/miniconda3/envs/explaintab311/lib/python3.11/site-packages/sklearn/utils/parallel.py:144: UserWarning: `sklearn.utils.parallel.delayed` should be used with `sklearn.utils.parallel.Parallel` to make it possible to propagate the scikit-learn configuration of the current thread to the joblib workers.
  warnings.warn(
/home/tonyhuh/miniconda3/envs/explaintab311/lib/python3.11/site-packages/sklearn/utils/parallel.py:144: UserWarning: `sklearn.utils.parallel.delayed` should be used with `sklearn.utils.parallel.Parallel` to make it possible to propagate the scikit-learn configuration of the current thread to the joblib workers.
  warnings.warn(
/home/tonyhuh/miniconda3/envs/explaintab311/lib/python3.11/site-packages/sklearn/utils/parallel.py:144: UserWarning: `sklearn.utils.parallel.delayed` should be used with `sklearn.utils.parallel.Parallel` to make it possible to propagate the scikit-learn configuration of the current thread to the joblib workers.
  warnings.warn(
/home/tonyhuh/miniconda3/envs/explaintab311/lib/python3.11/site-packages/sklearn/utils/parallel.py:144: UserWarning: `sklearn.utils.parallel.delayed` should be used with `sklearn.utils.parallel.Parallel` to make it possible to propagate the scikit-learn configuration of the current thread to the joblib workers.
  warnings.warn(
/home/tonyhuh/miniconda3/envs/explaintab311/lib/python3.11/site-packages/sklearn/utils/parallel.py:144: UserWarning: `sklearn.utils.parallel.delayed` should be used with `sklearn.utils.parallel.Parallel` to make it possible to propagate the scikit-learn configuration of the current thread to the joblib workers.
  warnings.warn(
/home/tonyhuh/miniconda3/envs/explaintab311/lib/python3.11/site-packages/sklearn/utils/parallel.py:144: UserWarning: `sklearn.utils.parallel.delayed` should be used with `sklearn.utils.parallel.Parallel` to make it possible to propagate the scikit-learn configuration of the current thread to the joblib workers.
  warnings.warn(
/home/tonyhuh/miniconda3/envs/explaintab311/lib/python3.11/site-packages/sklearn/utils/parallel.py:144: UserWarning: `sklearn.utils.parallel.delayed` should be used with `sklearn.utils.parallel.Parallel` to make it possible to propagate the scikit-learn configuration of the current thread to the joblib workers.
  warnings.warn(
/home/tonyhuh/miniconda3/envs/explaintab311/lib/python3.11/site-packages/sklearn/utils/parallel.py:144: UserWarning: `sklearn.utils.parallel.delayed` should be used with `sklearn.utils.parallel.Parallel` to make it possible to propagate the scikit-learn configuration of the current thread to the joblib workers.
  warnings.warn(
/home/tonyhuh/miniconda3/envs/explaintab311/lib/python3.11/site-packages/sklearn/utils/parallel.py:144: UserWarning: `sklearn.utils.parallel.delayed` should be used with `sklearn.utils.parallel.Parallel` to make it possible to propagate the scikit-learn configuration of the current thread to the joblib workers.
  warnings.warn(
/home/tonyhuh/miniconda3/envs/explaintab311/lib/python3.11/site-packages/sklearn/utils/parallel.py:144: UserWarning: `sklearn.utils.parallel.delayed` should be used with `sklearn.utils.parallel.Parallel` to make it possible to propagate the scikit-learn configuration of the current thread to the joblib workers.
  warnings.warn(
/home/tonyhuh/miniconda3/envs/explaintab311/lib/python3.11/site-packages/sklearn/utils/parallel.py:144: UserWarning: `sklearn.utils.parallel.delayed` should be used with `sklearn.utils.parallel.Parallel` to make it possible to propagate the scikit-learn configuration of the current thread to the joblib workers.
  warnings.warn(
/home/tonyhuh/miniconda3/envs/explaintab311/lib/python3.11/site-packages/sklearn/utils/parallel.py:144: UserWarning: `sklearn.utils.parallel.delayed` should be used with `sklearn.utils.parallel.Parallel` to make it possible to propagate the scikit-learn configuration of the current thread to the joblib workers.
  warnings.warn(
/home/tonyhuh/miniconda3/envs/explaintab311/lib/python3.11/site-packages/sklearn/utils/parallel.py:144: UserWarning: `sklearn.utils.parallel.delayed` should be used with `sklearn.utils.parallel.Parallel` to make it possible to propagate the scikit-learn configuration of the current thread to the joblib workers.
  warnings.warn(
/home/tonyhuh/miniconda3/envs/explaintab311/lib/python3.11/site-packages/sklearn/utils/parallel.py:144: UserWarning: `sklearn.utils.parallel.delayed` should be used with `sklearn.utils.parallel.Parallel` to make it possible to propagate the scikit-learn configuration of the current thread to the joblib workers.
  warnings.warn(
/home/tonyhuh/miniconda3/envs/explaintab311/lib/python3.11/site-packages/sklearn/utils/parallel.py:144: UserWarning: `sklearn.utils.parallel.delayed` should be used with `sklearn.utils.parallel.Parallel` to make it possible to propagate the scikit-learn configuration of the current thread to the joblib workers.
  warnings.warn(
/home/tonyhuh/miniconda3/envs/explaintab311/lib/python3.11/site-packages/sklearn/utils/parallel.py:144: UserWarning: `sklearn.utils.parallel.delayed` should be used with `sklearn.utils.parallel.Parallel` to make it possible to propagate the scikit-learn configuration of the current thread to the joblib workers.
  warnings.warn(
/home/tonyhuh/miniconda3/envs/explaintab311/lib/python3.11/site-packages/sklearn/utils/parallel.py:144: UserWarning: `sklearn.utils.parallel.delayed` should be used with `sklearn.utils.parallel.Parallel` to make it possible to propagate the scikit-learn configuration of the current thread to the joblib workers.
  warnings.warn(
/home/tonyhuh/miniconda3/envs/explaintab311/lib/python3.11/site-packages/sklearn/utils/parallel.py:144: UserWarning: `sklearn.utils.parallel.delayed` should be used with `sklearn.utils.parallel.Parallel` to make it possible to propagate the scikit-learn configuration of the current thread to the joblib workers.
  warnings.warn(
/home/tonyhuh/miniconda3/envs/explaintab311/lib/python3.11/site-packages/sklearn/utils/parallel.py:144: UserWarning: `sklearn.utils.parallel.delayed` should be used with `sklearn.utils.parallel.Parallel` to make it possible to propagate the scikit-learn configuration of the current thread to the joblib workers.
  warnings.warn(
/home/tonyhuh/miniconda3/envs/explaintab311/lib/python3.11/site-packages/sklearn/utils/parallel.py:144: UserWarning: `sklearn.utils.parallel.delayed` should be used with `sklearn.utils.parallel.Parallel` to make it possible to propagate the scikit-learn configuration of the current thread to the joblib workers.
  warnings.warn(
/home/tonyhuh/miniconda3/envs/explaintab311/lib/python3.11/site-packages/sklearn/utils/parallel.py:144: UserWarning: `sklearn.utils.parallel.delayed` should be used with `sklearn.utils.parallel.Parallel` to make it possible to propagate the scikit-learn configuration of the current thread to the joblib workers.
  warnings.warn(
/home/tonyhuh/miniconda3/envs/explaintab311/lib/python3.11/site-packages/sklearn/utils/parallel.py:144: UserWarning: `sklearn.utils.parallel.delayed` should be used with `sklearn.utils.parallel.Parallel` to make it possible to propagate the scikit-learn configuration of the current thread to the joblib workers.
  warnings.warn(
/home/tonyhuh/miniconda3/envs/explaintab311/lib/python3.11/site-packages/sklearn/utils/parallel.py:144: UserWarning: `sklearn.utils.parallel.delayed` should be used with `sklearn.utils.parallel.Parallel` to make it possible to propagate the scikit-learn configuration of the current thread to the joblib workers.
  warnings.warn(
/home/tonyhuh/miniconda3/envs/explaintab311/lib/python3.11/site-packages/sklearn/utils/parallel.py:144: UserWarning: `sklearn.utils.parallel.delayed` should be used with `sklearn.utils.parallel.Parallel` to make it possible to propagate the scikit-learn configuration of the current thread to the joblib workers.
  warnings.warn(
/home/tonyhuh/miniconda3/envs/explaintab311/lib/python3.11/site-packages/sklearn/utils/parallel.py:144: UserWarning: `sklearn.utils.parallel.delayed` should be used with `sklearn.utils.parallel.Parallel` to make it possible to propagate the scikit-learn configuration of the current thread to the joblib workers.
  warnings.warn(
/home/tonyhuh/miniconda3/envs/explaintab311/lib/python3.11/site-packages/sklearn/utils/parallel.py:144: UserWarning: `sklearn.utils.parallel.delayed` should be used with `sklearn.utils.parallel.Parallel` to make it possible to propagate the scikit-learn configuration of the current thread to the joblib workers.
  warnings.warn(
/home/tonyhuh/miniconda3/envs/explaintab311/lib/python3.11/site-packages/sklearn/utils/parallel.py:144: UserWarning: `sklearn.utils.parallel.delayed` should be used with `sklearn.utils.parallel.Parallel` to make it possible to propagate the scikit-learn configuration of the current thread to the joblib workers.
  warnings.warn(
/home/tonyhuh/miniconda3/envs/explaintab311/lib/python3.11/site-packages/sklearn/utils/parallel.py:144: UserWarning: `sklearn.utils.parallel.delayed` should be used with `sklearn.utils.parallel.Parallel` to make it possible to propagate the scikit-learn configuration of the current thread to the joblib workers.
  warnings.warn(
/home/tonyhuh/miniconda3/envs/explaintab311/lib/python3.11/site-packages/sklearn/utils/parallel.py:144: UserWarning: `sklearn.utils.parallel.delayed` should be used with `sklearn.utils.parallel.Parallel` to make it possible to propagate the scikit-learn configuration of the current thread to the joblib workers.
  warnings.warn(
/home/tonyhuh/miniconda3/envs/explaintab311/lib/python3.11/site-packages/sklearn/utils/parallel.py:144: UserWarning: `sklearn.utils.parallel.delayed` should be used with `sklearn.utils.parallel.Parallel` to make it possible to propagate the scikit-learn configuration of the current thread to the joblib workers.
  warnings.warn(
/home/tonyhuh/miniconda3/envs/explaintab311/lib/python3.11/site-packages/sklearn/utils/parallel.py:144: UserWarning: `sklearn.utils.parallel.delayed` should be used with `sklearn.utils.parallel.Parallel` to make it possible to propagate the scikit-learn configuration of the current thread to the joblib workers.
  warnings.warn(
/home/tonyhuh/miniconda3/envs/explaintab311/lib/python3.11/site-packages/sklearn/utils/parallel.py:144: UserWarning: `sklearn.utils.parallel.delayed` should be used with `sklearn.utils.parallel.Parallel` to make it possible to propagate the scikit-learn configuration of the current thread to the joblib workers.
  warnings.warn(
/home/tonyhuh/miniconda3/envs/explaintab311/lib/python3.11/site-packages/sklearn/utils/parallel.py:144: UserWarning: `sklearn.utils.parallel.delayed` should be used with `sklearn.utils.parallel.Parallel` to make it possible to propagate the scikit-learn configuration of the current thread to the joblib workers.
  warnings.warn(
/home/tonyhuh/miniconda3/envs/explaintab311/lib/python3.11/site-packages/sklearn/utils/parallel.py:144: UserWarning: `sklearn.utils.parallel.delayed` should be used with `sklearn.utils.parallel.Parallel` to make it possible to propagate the scikit-learn configuration of the current thread to the joblib workers.
  warnings.warn(
/home/tonyhuh/miniconda3/envs/explaintab311/lib/python3.11/site-packages/sklearn/utils/parallel.py:144: UserWarning: `sklearn.utils.parallel.delayed` should be used with `sklearn.utils.parallel.Parallel` to make it possible to propagate the scikit-learn configuration of the current thread to the joblib workers.
  warnings.warn(
/home/tonyhuh/miniconda3/envs/explaintab311/lib/python3.11/site-packages/sklearn/utils/parallel.py:144: UserWarning: `sklearn.utils.parallel.delayed` should be used with `sklearn.utils.parallel.Parallel` to make it possible to propagate the scikit-learn configuration of the current thread to the joblib workers.
  warnings.warn(
/home/tonyhuh/miniconda3/envs/explaintab311/lib/python3.11/site-packages/sklearn/utils/parallel.py:144: UserWarning: `sklearn.utils.parallel.delayed` should be used with `sklearn.utils.parallel.Parallel` to make it possible to propagate the scikit-learn configuration of the current thread to the joblib workers.
  warnings.warn(
/home/tonyhuh/miniconda3/envs/explaintab311/lib/python3.11/site-packages/sklearn/utils/parallel.py:144: UserWarning: `sklearn.utils.parallel.delayed` should be used with `sklearn.utils.parallel.Parallel` to make it possible to propagate the scikit-learn configuration of the current thread to the joblib workers.
  warnings.warn(
/home/tonyhuh/miniconda3/envs/explaintab311/lib/python3.11/site-packages/sklearn/utils/parallel.py:144: UserWarning: `sklearn.utils.parallel.delayed` should be used with `sklearn.utils.parallel.Parallel` to make it possible to propagate the scikit-learn configuration of the current thread to the joblib workers.
  warnings.warn(
/home/tonyhuh/miniconda3/envs/explaintab311/lib/python3.11/site-packages/sklearn/utils/parallel.py:144: UserWarning: `sklearn.utils.parallel.delayed` should be used with `sklearn.utils.parallel.Parallel` to make it possible to propagate the scikit-learn configuration of the current thread to the joblib workers.
  warnings.warn(
/home/tonyhuh/miniconda3/envs/explaintab311/lib/python3.11/site-packages/sklearn/utils/parallel.py:144: UserWarning: `sklearn.utils.parallel.delayed` should be used with `sklearn.utils.parallel.Parallel` to make it possible to propagate the scikit-learn configuration of the current thread to the joblib workers.
  warnings.warn(
/home/tonyhuh/miniconda3/envs/explaintab311/lib/python3.11/site-packages/sklearn/utils/parallel.py:144: UserWarning: `sklearn.utils.parallel.delayed` should be used with `sklearn.utils.parallel.Parallel` to make it possible to propagate the scikit-learn configuration of the current thread to the joblib workers.
  warnings.warn(
/home/tonyhuh/miniconda3/envs/explaintab311/lib/python3.11/site-packages/sklearn/utils/parallel.py:144: UserWarning: `sklearn.utils.parallel.delayed` should be used with `sklearn.utils.parallel.Parallel` to make it possible to propagate the scikit-learn configuration of the current thread to the joblib workers.
  warnings.warn(
/home/tonyhuh/miniconda3/envs/explaintab311/lib/python3.11/site-packages/sklearn/utils/parallel.py:144: UserWarning: `sklearn.utils.parallel.delayed` should be used with `sklearn.utils.parallel.Parallel` to make it possible to propagate the scikit-learn configuration of the current thread to the joblib workers.
  warnings.warn(
/home/tonyhuh/miniconda3/envs/explaintab311/lib/python3.11/site-packages/sklearn/utils/parallel.py:144: UserWarning: `sklearn.utils.parallel.delayed` should be used with `sklearn.utils.parallel.Parallel` to make it possible to propagate the scikit-learn configuration of the current thread to the joblib workers.
  warnings.warn(
/home/tonyhuh/miniconda3/envs/explaintab311/lib/python3.11/site-packages/sklearn/utils/parallel.py:144: UserWarning: `sklearn.utils.parallel.delayed` should be used with `sklearn.utils.parallel.Parallel` to make it possible to propagate the scikit-learn configuration of the current thread to the joblib workers.
  warnings.warn(
/home/tonyhuh/miniconda3/envs/explaintab311/lib/python3.11/site-packages/sklearn/utils/parallel.py:144: UserWarning: `sklearn.utils.parallel.delayed` should be used with `sklearn.utils.parallel.Parallel` to make it possible to propagate the scikit-learn configuration of the current thread to the joblib workers.
  warnings.warn(
/home/tonyhuh/miniconda3/envs/explaintab311/lib/python3.11/site-packages/sklearn/utils/parallel.py:144: UserWarning: `sklearn.utils.parallel.delayed` should be used with `sklearn.utils.parallel.Parallel` to make it possible to propagate the scikit-learn configuration of the current thread to the joblib workers.
  warnings.warn(
/home/tonyhuh/miniconda3/envs/explaintab311/lib/python3.11/site-packages/sklearn/utils/parallel.py:144: UserWarning: `sklearn.utils.parallel.delayed` should be used with `sklearn.utils.parallel.Parallel` to make it possible to propagate the scikit-learn configuration of the current thread to the joblib workers.
  warnings.warn(
/home/tonyhuh/miniconda3/envs/explaintab311/lib/python3.11/site-packages/sklearn/utils/parallel.py:144: UserWarning: `sklearn.utils.parallel.delayed` should be used with `sklearn.utils.parallel.Parallel` to make it possible to propagate the scikit-learn configuration of the current thread to the joblib workers.
  warnings.warn(
/home/tonyhuh/miniconda3/envs/explaintab311/lib/python3.11/site-packages/sklearn/utils/parallel.py:144: UserWarning: `sklearn.utils.parallel.delayed` should be used with `sklearn.utils.parallel.Parallel` to make it possible to propagate the scikit-learn configuration of the current thread to the joblib workers.
  warnings.warn(
/home/tonyhuh/miniconda3/envs/explaintab311/lib/python3.11/site-packages/sklearn/utils/parallel.py:144: UserWarning: `sklearn.utils.parallel.delayed` should be used with `sklearn.utils.parallel.Parallel` to make it possible to propagate the scikit-learn configuration of the current thread to the joblib workers.
  warnings.warn(
/home/tonyhuh/miniconda3/envs/explaintab311/lib/python3.11/site-packages/sklearn/utils/parallel.py:144: UserWarning: `sklearn.utils.parallel.delayed` should be used with `sklearn.utils.parallel.Parallel` to make it possible to propagate the scikit-learn configuration of the current thread to the joblib workers.
  warnings.warn(
/home/tonyhuh/miniconda3/envs/explaintab311/lib/python3.11/site-packages/sklearn/utils/parallel.py:144: UserWarning: `sklearn.utils.parallel.delayed` should be used with `sklearn.utils.parallel.Parallel` to make it possible to propagate the scikit-learn configuration of the current thread to the joblib workers.
  warnings.warn(
/home/tonyhuh/miniconda3/envs/explaintab311/lib/python3.11/site-packages/sklearn/utils/parallel.py:144: UserWarning: `sklearn.utils.parallel.delayed` should be used with `sklearn.utils.parallel.Parallel` to make it possible to propagate the scikit-learn configuration of the current thread to the joblib workers.
  warnings.warn(
/home/tonyhuh/miniconda3/envs/explaintab311/lib/python3.11/site-packages/sklearn/utils/parallel.py:144: UserWarning: `sklearn.utils.parallel.delayed` should be used with `sklearn.utils.parallel.Parallel` to make it possible to propagate the scikit-learn configuration of the current thread to the joblib workers.
  warnings.warn(
/home/tonyhuh/miniconda3/envs/explaintab311/lib/python3.11/site-packages/sklearn/utils/parallel.py:144: UserWarning: `sklearn.utils.parallel.delayed` should be used with `sklearn.utils.parallel.Parallel` to make it possible to propagate the scikit-learn configuration of the current thread to the joblib workers.
  warnings.warn(
/home/tonyhuh/miniconda3/envs/explaintab311/lib/python3.11/site-packages/sklearn/utils/parallel.py:144: UserWarning: `sklearn.utils.parallel.delayed` should be used with `sklearn.utils.parallel.Parallel` to make it possible to propagate the scikit-learn configuration of the current thread to the joblib workers.
  warnings.warn(
/home/tonyhuh/miniconda3/envs/explaintab311/lib/python3.11/site-packages/sklearn/utils/parallel.py:144: UserWarning: `sklearn.utils.parallel.delayed` should be used with `sklearn.utils.parallel.Parallel` to make it possible to propagate the scikit-learn configuration of the current thread to the joblib workers.
  warnings.warn(
/home/tonyhuh/miniconda3/envs/explaintab311/lib/python3.11/site-packages/sklearn/utils/parallel.py:144: UserWarning: `sklearn.utils.parallel.delayed` should be used with `sklearn.utils.parallel.Parallel` to make it possible to propagate the scikit-learn configuration of the current thread to the joblib workers.
  warnings.warn(
/home/tonyhuh/miniconda3/envs/explaintab311/lib/python3.11/site-packages/sklearn/utils/parallel.py:144: UserWarning: `sklearn.utils.parallel.delayed` should be used with `sklearn.utils.parallel.Parallel` to make it possible to propagate the scikit-learn configuration of the current thread to the joblib workers.
  warnings.warn(
/home/tonyhuh/miniconda3/envs/explaintab311/lib/python3.11/site-packages/sklearn/utils/parallel.py:144: UserWarning: `sklearn.utils.parallel.delayed` should be used with `sklearn.utils.parallel.Parallel` to make it possible to propagate the scikit-learn configuration of the current thread to the joblib workers.
  warnings.warn(
/home/tonyhuh/miniconda3/envs/explaintab311/lib/python3.11/site-packages/sklearn/utils/parallel.py:144: UserWarning: `sklearn.utils.parallel.delayed` should be used with `sklearn.utils.parallel.Parallel` to make it possible to propagate the scikit-learn configuration of the current thread to the joblib workers.
  warnings.warn(
/home/tonyhuh/miniconda3/envs/explaintab311/lib/python3.11/site-packages/sklearn/utils/parallel.py:144: UserWarning: `sklearn.utils.parallel.delayed` should be used with `sklearn.utils.parallel.Parallel` to make it possible to propagate the scikit-learn configuration of the current thread to the joblib workers.
  warnings.warn(
/home/tonyhuh/miniconda3/envs/explaintab311/lib/python3.11/site-packages/sklearn/utils/parallel.py:144: UserWarning: `sklearn.utils.parallel.delayed` should be used with `sklearn.utils.parallel.Parallel` to make it possible to propagate the scikit-learn configuration of the current thread to the joblib workers.
  warnings.warn(
/home/tonyhuh/miniconda3/envs/explaintab311/lib/python3.11/site-packages/sklearn/utils/parallel.py:144: UserWarning: `sklearn.utils.parallel.delayed` should be used with `sklearn.utils.parallel.Parallel` to make it possible to propagate the scikit-learn configuration of the current thread to the joblib workers.
  warnings.warn(
/home/tonyhuh/miniconda3/envs/explaintab311/lib/python3.11/site-packages/sklearn/utils/parallel.py:144: UserWarning: `sklearn.utils.parallel.delayed` should be used with `sklearn.utils.parallel.Parallel` to make it possible to propagate the scikit-learn configuration of the current thread to the joblib workers.
  warnings.warn(
/home/tonyhuh/miniconda3/envs/explaintab311/lib/python3.11/site-packages/sklearn/utils/parallel.py:144: UserWarning: `sklearn.utils.parallel.delayed` should be used with `sklearn.utils.parallel.Parallel` to make it possible to propagate the scikit-learn configuration of the current thread to the joblib workers.
  warnings.warn(
/home/tonyhuh/miniconda3/envs/explaintab311/lib/python3.11/site-packages/sklearn/utils/parallel.py:144: UserWarning: `sklearn.utils.parallel.delayed` should be used with `sklearn.utils.parallel.Parallel` to make it possible to propagate the scikit-learn configuration of the current thread to the joblib workers.
  warnings.warn(
/home/tonyhuh/miniconda3/envs/explaintab311/lib/python3.11/site-packages/sklearn/utils/parallel.py:144: UserWarning: `sklearn.utils.parallel.delayed` should be used with `sklearn.utils.parallel.Parallel` to make it possible to propagate the scikit-learn configuration of the current thread to the joblib workers.
  warnings.warn(
/home/tonyhuh/miniconda3/envs/explaintab311/lib/python3.11/site-packages/sklearn/utils/parallel.py:144: UserWarning: `sklearn.utils.parallel.delayed` should be used with `sklearn.utils.parallel.Parallel` to make it possible to propagate the scikit-learn configuration of the current thread to the joblib workers.
  warnings.warn(
/home/tonyhuh/miniconda3/envs/explaintab311/lib/python3.11/site-packages/sklearn/utils/parallel.py:144: UserWarning: `sklearn.utils.parallel.delayed` should be used with `sklearn.utils.parallel.Parallel` to make it possible to propagate the scikit-learn configuration of the current thread to the joblib workers.
  warnings.warn(
/home/tonyhuh/miniconda3/envs/explaintab311/lib/python3.11/site-packages/sklearn/utils/parallel.py:144: UserWarning: `sklearn.utils.parallel.delayed` should be used with `sklearn.utils.parallel.Parallel` to make it possible to propagate the scikit-learn configuration of the current thread to the joblib workers.
  warnings.warn(
/home/tonyhuh/miniconda3/envs/explaintab311/lib/python3.11/site-packages/sklearn/utils/parallel.py:144: UserWarning: `sklearn.utils.parallel.delayed` should be used with `sklearn.utils.parallel.Parallel` to make it possible to propagate the scikit-learn configuration of the current thread to the joblib workers.
  warnings.warn(
/home/tonyhuh/miniconda3/envs/explaintab311/lib/python3.11/site-packages/sklearn/utils/parallel.py:144: UserWarning: `sklearn.utils.parallel.delayed` should be used with `sklearn.utils.parallel.Parallel` to make it possible to propagate the scikit-learn configuration of the current thread to the joblib workers.
  warnings.warn(
/home/tonyhuh/miniconda3/envs/explaintab311/lib/python3.11/site-packages/sklearn/utils/parallel.py:144: UserWarning: `sklearn.utils.parallel.delayed` should be used with `sklearn.utils.parallel.Parallel` to make it possible to propagate the scikit-learn configuration of the current thread to the joblib workers.
  warnings.warn(
/home/tonyhuh/miniconda3/envs/explaintab311/lib/python3.11/site-packages/sklearn/utils/parallel.py:144: UserWarning: `sklearn.utils.parallel.delayed` should be used with `sklearn.utils.parallel.Parallel` to make it possible to propagate the scikit-learn configuration of the current thread to the joblib workers.
  warnings.warn(
/home/tonyhuh/miniconda3/envs/explaintab311/lib/python3.11/site-packages/sklearn/utils/parallel.py:144: UserWarning: `sklearn.utils.parallel.delayed` should be used with `sklearn.utils.parallel.Parallel` to make it possible to propagate the scikit-learn configuration of the current thread to the joblib workers.
  warnings.warn(
/home/tonyhuh/miniconda3/envs/explaintab311/lib/python3.11/site-packages/sklearn/utils/parallel.py:144: UserWarning: `sklearn.utils.parallel.delayed` should be used with `sklearn.utils.parallel.Parallel` to make it possible to propagate the scikit-learn configuration of the current thread to the joblib workers.
  warnings.warn(
/home/tonyhuh/miniconda3/envs/explaintab311/lib/python3.11/site-packages/sklearn/utils/parallel.py:144: UserWarning: `sklearn.utils.parallel.delayed` should be used with `sklearn.utils.parallel.Parallel` to make it possible to propagate the scikit-learn configuration of the current thread to the joblib workers.
  warnings.warn(
/home/tonyhuh/miniconda3/envs/explaintab311/lib/python3.11/site-packages/sklearn/utils/parallel.py:144: UserWarning: `sklearn.utils.parallel.delayed` should be used with `sklearn.utils.parallel.Parallel` to make it possible to propagate the scikit-learn configuration of the current thread to the joblib workers.
  warnings.warn(
/home/tonyhuh/miniconda3/envs/explaintab311/lib/python3.11/site-packages/sklearn/utils/parallel.py:144: UserWarning: `sklearn.utils.parallel.delayed` should be used with `sklearn.utils.parallel.Parallel` to make it possible to propagate the scikit-learn configuration of the current thread to the joblib workers.
  warnings.warn(
/home/tonyhuh/miniconda3/envs/explaintab311/lib/python3.11/site-packages/sklearn/utils/parallel.py:144: UserWarning: `sklearn.utils.parallel.delayed` should be used with `sklearn.utils.parallel.Parallel` to make it possible to propagate the scikit-learn configuration of the current thread to the joblib workers.
  warnings.warn(
/home/tonyhuh/miniconda3/envs/explaintab311/lib/python3.11/site-packages/sklearn/utils/parallel.py:144: UserWarning: `sklearn.utils.parallel.delayed` should be used with `sklearn.utils.parallel.Parallel` to make it possible to propagate the scikit-learn configuration of the current thread to the joblib workers.
  warnings.warn(
/home/tonyhuh/miniconda3/envs/explaintab311/lib/python3.11/site-packages/sklearn/utils/parallel.py:144: UserWarning: `sklearn.utils.parallel.delayed` should be used with `sklearn.utils.parallel.Parallel` to make it possible to propagate the scikit-learn configuration of the current thread to the joblib workers.
  warnings.warn(
/home/tonyhuh/miniconda3/envs/explaintab311/lib/python3.11/site-packages/sklearn/utils/parallel.py:144: UserWarning: `sklearn.utils.parallel.delayed` should be used with `sklearn.utils.parallel.Parallel` to make it possible to propagate the scikit-learn configuration of the current thread to the joblib workers.
  warnings.warn(
/home/tonyhuh/miniconda3/envs/explaintab311/lib/python3.11/site-packages/sklearn/utils/parallel.py:144: UserWarning: `sklearn.utils.parallel.delayed` should be used with `sklearn.utils.parallel.Parallel` to make it possible to propagate the scikit-learn configuration of the current thread to the joblib workers.
  warnings.warn(
/home/tonyhuh/miniconda3/envs/explaintab311/lib/python3.11/site-packages/sklearn/utils/parallel.py:144: UserWarning: `sklearn.utils.parallel.delayed` should be used with `sklearn.utils.parallel.Parallel` to make it possible to propagate the scikit-learn configuration of the current thread to the joblib workers.
  warnings.warn(
/home/tonyhuh/miniconda3/envs/explaintab311/lib/python3.11/site-packages/sklearn/utils/parallel.py:144: UserWarning: `sklearn.utils.parallel.delayed` should be used with `sklearn.utils.parallel.Parallel` to make it possible to propagate the scikit-learn configuration of the current thread to the joblib workers.
  warnings.warn(
/home/tonyhuh/miniconda3/envs/explaintab311/lib/python3.11/site-packages/sklearn/utils/parallel.py:144: UserWarning: `sklearn.utils.parallel.delayed` should be used with `sklearn.utils.parallel.Parallel` to make it possible to propagate the scikit-learn configuration of the current thread to the joblib workers.
  warnings.warn(
/home/tonyhuh/miniconda3/envs/explaintab311/lib/python3.11/site-packages/sklearn/utils/parallel.py:144: UserWarning: `sklearn.utils.parallel.delayed` should be used with `sklearn.utils.parallel.Parallel` to make it possible to propagate the scikit-learn configuration of the current thread to the joblib workers.
  warnings.warn(
/home/tonyhuh/miniconda3/envs/explaintab311/lib/python3.11/site-packages/sklearn/utils/parallel.py:144: UserWarning: `sklearn.utils.parallel.delayed` should be used with `sklearn.utils.parallel.Parallel` to make it possible to propagate the scikit-learn configuration of the current thread to the joblib workers.
  warnings.warn(
/home/tonyhuh/miniconda3/envs/explaintab311/lib/python3.11/site-packages/sklearn/utils/parallel.py:144: UserWarning: `sklearn.utils.parallel.delayed` should be used with `sklearn.utils.parallel.Parallel` to make it possible to propagate the scikit-learn configuration of the current thread to the joblib workers.
  warnings.warn(
/home/tonyhuh/miniconda3/envs/explaintab311/lib/python3.11/site-packages/sklearn/utils/parallel.py:144: UserWarning: `sklearn.utils.parallel.delayed` should be used with `sklearn.utils.parallel.Parallel` to make it possible to propagate the scikit-learn configuration of the current thread to the joblib workers.
  warnings.warn(
/home/tonyhuh/miniconda3/envs/explaintab311/lib/python3.11/site-packages/sklearn/utils/parallel.py:144: UserWarning: `sklearn.utils.parallel.delayed` should be used with `sklearn.utils.parallel.Parallel` to make it possible to propagate the scikit-learn configuration of the current thread to the joblib workers.
  warnings.warn(
/home/tonyhuh/miniconda3/envs/explaintab311/lib/python3.11/site-packages/sklearn/utils/parallel.py:144: UserWarning: `sklearn.utils.parallel.delayed` should be used with `sklearn.utils.parallel.Parallel` to make it possible to propagate the scikit-learn configuration of the current thread to the joblib workers.
  warnings.warn(
/home/tonyhuh/miniconda3/envs/explaintab311/lib/python3.11/site-packages/sklearn/utils/parallel.py:144: UserWarning: `sklearn.utils.parallel.delayed` should be used with `sklearn.utils.parallel.Parallel` to make it possible to propagate the scikit-learn configuration of the current thread to the joblib workers.
  warnings.warn(
/home/tonyhuh/miniconda3/envs/explaintab311/lib/python3.11/site-packages/sklearn/utils/parallel.py:144: UserWarning: `sklearn.utils.parallel.delayed` should be used with `sklearn.utils.parallel.Parallel` to make it possible to propagate the scikit-learn configuration of the current thread to the joblib workers.
  warnings.warn(
/home/tonyhuh/miniconda3/envs/explaintab311/lib/python3.11/site-packages/sklearn/utils/parallel.py:144: UserWarning: `sklearn.utils.parallel.delayed` should be used with `sklearn.utils.parallel.Parallel` to make it possible to propagate the scikit-learn configuration of the current thread to the joblib workers.
  warnings.warn(
/home/tonyhuh/miniconda3/envs/explaintab311/lib/python3.11/site-packages/sklearn/utils/parallel.py:144: UserWarning: `sklearn.utils.parallel.delayed` should be used with `sklearn.utils.parallel.Parallel` to make it possible to propagate the scikit-learn configuration of the current thread to the joblib workers.
  warnings.warn(
/home/tonyhuh/miniconda3/envs/explaintab311/lib/python3.11/site-packages/sklearn/utils/parallel.py:144: UserWarning: `sklearn.utils.parallel.delayed` should be used with `sklearn.utils.parallel.Parallel` to make it possible to propagate the scikit-learn configuration of the current thread to the joblib workers.
  warnings.warn(
/home/tonyhuh/miniconda3/envs/explaintab311/lib/python3.11/site-packages/sklearn/utils/parallel.py:144: UserWarning: `sklearn.utils.parallel.delayed` should be used with `sklearn.utils.parallel.Parallel` to make it possible to propagate the scikit-learn configuration of the current thread to the joblib workers.
  warnings.warn(
/home/tonyhuh/miniconda3/envs/explaintab311/lib/python3.11/site-packages/sklearn/utils/parallel.py:144: UserWarning: `sklearn.utils.parallel.delayed` should be used with `sklearn.utils.parallel.Parallel` to make it possible to propagate the scikit-learn configuration of the current thread to the joblib workers.
  warnings.warn(
/home/tonyhuh/miniconda3/envs/explaintab311/lib/python3.11/site-packages/sklearn/utils/parallel.py:144: UserWarning: `sklearn.utils.parallel.delayed` should be used with `sklearn.utils.parallel.Parallel` to make it possible to propagate the scikit-learn configuration of the current thread to the joblib workers.
  warnings.warn(
/home/tonyhuh/miniconda3/envs/explaintab311/lib/python3.11/site-packages/sklearn/utils/parallel.py:144: UserWarning: `sklearn.utils.parallel.delayed` should be used with `sklearn.utils.parallel.Parallel` to make it possible to propagate the scikit-learn configuration of the current thread to the joblib workers.
  warnings.warn(
/home/tonyhuh/miniconda3/envs/explaintab311/lib/python3.11/site-packages/sklearn/utils/parallel.py:144: UserWarning: `sklearn.utils.parallel.delayed` should be used with `sklearn.utils.parallel.Parallel` to make it possible to propagate the scikit-learn configuration of the current thread to the joblib workers.
  warnings.warn(
/home/tonyhuh/miniconda3/envs/explaintab311/lib/python3.11/site-packages/sklearn/utils/parallel.py:144: UserWarning: `sklearn.utils.parallel.delayed` should be used with `sklearn.utils.parallel.Parallel` to make it possible to propagate the scikit-learn configuration of the current thread to the joblib workers.
  warnings.warn(
/home/tonyhuh/miniconda3/envs/explaintab311/lib/python3.11/site-packages/sklearn/utils/parallel.py:144: UserWarning: `sklearn.utils.parallel.delayed` should be used with `sklearn.utils.parallel.Parallel` to make it possible to propagate the scikit-learn configuration of the current thread to the joblib workers.
  warnings.warn(
/home/tonyhuh/miniconda3/envs/explaintab311/lib/python3.11/site-packages/sklearn/utils/parallel.py:144: UserWarning: `sklearn.utils.parallel.delayed` should be used with `sklearn.utils.parallel.Parallel` to make it possible to propagate the scikit-learn configuration of the current thread to the joblib workers.
  warnings.warn(
/home/tonyhuh/miniconda3/envs/explaintab311/lib/python3.11/site-packages/sklearn/utils/parallel.py:144: UserWarning: `sklearn.utils.parallel.delayed` should be used with `sklearn.utils.parallel.Parallel` to make it possible to propagate the scikit-learn configuration of the current thread to the joblib workers.
  warnings.warn(
/home/tonyhuh/miniconda3/envs/explaintab311/lib/python3.11/site-packages/sklearn/utils/parallel.py:144: UserWarning: `sklearn.utils.parallel.delayed` should be used with `sklearn.utils.parallel.Parallel` to make it possible to propagate the scikit-learn configuration of the current thread to the joblib workers.
  warnings.warn(
/home/tonyhuh/miniconda3/envs/explaintab311/lib/python3.11/site-packages/sklearn/utils/parallel.py:144: UserWarning: `sklearn.utils.parallel.delayed` should be used with `sklearn.utils.parallel.Parallel` to make it possible to propagate the scikit-learn configuration of the current thread to the joblib workers.
  warnings.warn(
/home/tonyhuh/miniconda3/envs/explaintab311/lib/python3.11/site-packages/sklearn/utils/parallel.py:144: UserWarning: `sklearn.utils.parallel.delayed` should be used with `sklearn.utils.parallel.Parallel` to make it possible to propagate the scikit-learn configuration of the current thread to the joblib workers.
  warnings.warn(
/home/tonyhuh/miniconda3/envs/explaintab311/lib/python3.11/site-packages/sklearn/utils/parallel.py:144: UserWarning: `sklearn.utils.parallel.delayed` should be used with `sklearn.utils.parallel.Parallel` to make it possible to propagate the scikit-learn configuration of the current thread to the joblib workers.
  warnings.warn(
/home/tonyhuh/miniconda3/envs/explaintab311/lib/python3.11/site-packages/sklearn/utils/parallel.py:144: UserWarning: `sklearn.utils.parallel.delayed` should be used with `sklearn.utils.parallel.Parallel` to make it possible to propagate the scikit-learn configuration of the current thread to the joblib workers.
  warnings.warn(
/home/tonyhuh/miniconda3/envs/explaintab311/lib/python3.11/site-packages/sklearn/utils/parallel.py:144: UserWarning: `sklearn.utils.parallel.delayed` should be used with `sklearn.utils.parallel.Parallel` to make it possible to propagate the scikit-learn configuration of the current thread to the joblib workers.
  warnings.warn(
/home/tonyhuh/miniconda3/envs/explaintab311/lib/python3.11/site-packages/sklearn/utils/parallel.py:144: UserWarning: `sklearn.utils.parallel.delayed` should be used with `sklearn.utils.parallel.Parallel` to make it possible to propagate the scikit-learn configuration of the current thread to the joblib workers.
  warnings.warn(
/home/tonyhuh/miniconda3/envs/explaintab311/lib/python3.11/site-packages/sklearn/utils/parallel.py:144: UserWarning: `sklearn.utils.parallel.delayed` should be used with `sklearn.utils.parallel.Parallel` to make it possible to propagate the scikit-learn configuration of the current thread to the joblib workers.
  warnings.warn(
/home/tonyhuh/miniconda3/envs/explaintab311/lib/python3.11/site-packages/sklearn/utils/parallel.py:144: UserWarning: `sklearn.utils.parallel.delayed` should be used with `sklearn.utils.parallel.Parallel` to make it possible to propagate the scikit-learn configuration of the current thread to the joblib workers.
  warnings.warn(
/home/tonyhuh/miniconda3/envs/explaintab311/lib/python3.11/site-packages/sklearn/utils/parallel.py:144: UserWarning: `sklearn.utils.parallel.delayed` should be used with `sklearn.utils.parallel.Parallel` to make it possible to propagate the scikit-learn configuration of the current thread to the joblib workers.
  warnings.warn(
/home/tonyhuh/miniconda3/envs/explaintab311/lib/python3.11/site-packages/sklearn/utils/parallel.py:144: UserWarning: `sklearn.utils.parallel.delayed` should be used with `sklearn.utils.parallel.Parallel` to make it possible to propagate the scikit-learn configuration of the current thread to the joblib workers.
  warnings.warn(
/home/tonyhuh/miniconda3/envs/explaintab311/lib/python3.11/site-packages/sklearn/utils/parallel.py:144: UserWarning: `sklearn.utils.parallel.delayed` should be used with `sklearn.utils.parallel.Parallel` to make it possible to propagate the scikit-learn configuration of the current thread to the joblib workers.
  warnings.warn(
/home/tonyhuh/miniconda3/envs/explaintab311/lib/python3.11/site-packages/sklearn/utils/parallel.py:144: UserWarning: `sklearn.utils.parallel.delayed` should be used with `sklearn.utils.parallel.Parallel` to make it possible to propagate the scikit-learn configuration of the current thread to the joblib workers.
  warnings.warn(
/home/tonyhuh/miniconda3/envs/explaintab311/lib/python3.11/site-packages/sklearn/utils/parallel.py:144: UserWarning: `sklearn.utils.parallel.delayed` should be used with `sklearn.utils.parallel.Parallel` to make it possible to propagate the scikit-learn configuration of the current thread to the joblib workers.
  warnings.warn(
/home/tonyhuh/miniconda3/envs/explaintab311/lib/python3.11/site-packages/sklearn/utils/parallel.py:144: UserWarning: `sklearn.utils.parallel.delayed` should be used with `sklearn.utils.parallel.Parallel` to make it possible to propagate the scikit-learn configuration of the current thread to the joblib workers.
  warnings.warn(
/home/tonyhuh/miniconda3/envs/explaintab311/lib/python3.11/site-packages/sklearn/utils/parallel.py:144: UserWarning: `sklearn.utils.parallel.delayed` should be used with `sklearn.utils.parallel.Parallel` to make it possible to propagate the scikit-learn configuration of the current thread to the joblib workers.
  warnings.warn(
/home/tonyhuh/miniconda3/envs/explaintab311/lib/python3.11/site-packages/sklearn/utils/parallel.py:144: UserWarning: `sklearn.utils.parallel.delayed` should be used with `sklearn.utils.parallel.Parallel` to make it possible to propagate the scikit-learn configuration of the current thread to the joblib workers.
  warnings.warn(
/home/tonyhuh/miniconda3/envs/explaintab311/lib/python3.11/site-packages/sklearn/utils/parallel.py:144: UserWarning: `sklearn.utils.parallel.delayed` should be used with `sklearn.utils.parallel.Parallel` to make it possible to propagate the scikit-learn configuration of the current thread to the joblib workers.
  warnings.warn(
/home/tonyhuh/miniconda3/envs/explaintab311/lib/python3.11/site-packages/sklearn/utils/parallel.py:144: UserWarning: `sklearn.utils.parallel.delayed` should be used with `sklearn.utils.parallel.Parallel` to make it possible to propagate the scikit-learn configuration of the current thread to the joblib workers.
  warnings.warn(
/home/tonyhuh/miniconda3/envs/explaintab311/lib/python3.11/site-packages/sklearn/utils/parallel.py:144: UserWarning: `sklearn.utils.parallel.delayed` should be used with `sklearn.utils.parallel.Parallel` to make it possible to propagate the scikit-learn configuration of the current thread to the joblib workers.
  warnings.warn(
/home/tonyhuh/miniconda3/envs/explaintab311/lib/python3.11/site-packages/sklearn/utils/parallel.py:144: UserWarning: `sklearn.utils.parallel.delayed` should be used with `sklearn.utils.parallel.Parallel` to make it possible to propagate the scikit-learn configuration of the current thread to the joblib workers.
  warnings.warn(
/home/tonyhuh/miniconda3/envs/explaintab311/lib/python3.11/site-packages/sklearn/utils/parallel.py:144: UserWarning: `sklearn.utils.parallel.delayed` should be used with `sklearn.utils.parallel.Parallel` to make it possible to propagate the scikit-learn configuration of the current thread to the joblib workers.
  warnings.warn(
/home/tonyhuh/miniconda3/envs/explaintab311/lib/python3.11/site-packages/sklearn/utils/parallel.py:144: UserWarning: `sklearn.utils.parallel.delayed` should be used with `sklearn.utils.parallel.Parallel` to make it possible to propagate the scikit-learn configuration of the current thread to the joblib workers.
  warnings.warn(
/home/tonyhuh/miniconda3/envs/explaintab311/lib/python3.11/site-packages/sklearn/utils/parallel.py:144: UserWarning: `sklearn.utils.parallel.delayed` should be used with `sklearn.utils.parallel.Parallel` to make it possible to propagate the scikit-learn configuration of the current thread to the joblib workers.
  warnings.warn(
/home/tonyhuh/miniconda3/envs/explaintab311/lib/python3.11/site-packages/sklearn/utils/parallel.py:144: UserWarning: `sklearn.utils.parallel.delayed` should be used with `sklearn.utils.parallel.Parallel` to make it possible to propagate the scikit-learn configuration of the current thread to the joblib workers.
  warnings.warn(
/home/tonyhuh/miniconda3/envs/explaintab311/lib/python3.11/site-packages/sklearn/utils/parallel.py:144: UserWarning: `sklearn.utils.parallel.delayed` should be used with `sklearn.utils.parallel.Parallel` to make it possible to propagate the scikit-learn configuration of the current thread to the joblib workers.
  warnings.warn(
/home/tonyhuh/miniconda3/envs/explaintab311/lib/python3.11/site-packages/sklearn/utils/parallel.py:144: UserWarning: `sklearn.utils.parallel.delayed` should be used with `sklearn.utils.parallel.Parallel` to make it possible to propagate the scikit-learn configuration of the current thread to the joblib workers.
  warnings.warn(
/home/tonyhuh/miniconda3/envs/explaintab311/lib/python3.11/site-packages/sklearn/utils/parallel.py:144: UserWarning: `sklearn.utils.parallel.delayed` should be used with `sklearn.utils.parallel.Parallel` to make it possible to propagate the scikit-learn configuration of the current thread to the joblib workers.
  warnings.warn(
/home/tonyhuh/miniconda3/envs/explaintab311/lib/python3.11/site-packages/sklearn/utils/parallel.py:144: UserWarning: `sklearn.utils.parallel.delayed` should be used with `sklearn.utils.parallel.Parallel` to make it possible to propagate the scikit-learn configuration of the current thread to the joblib workers.
  warnings.warn(
/home/tonyhuh/miniconda3/envs/explaintab311/lib/python3.11/site-packages/sklearn/utils/parallel.py:144: UserWarning: `sklearn.utils.parallel.delayed` should be used with `sklearn.utils.parallel.Parallel` to make it possible to propagate the scikit-learn configuration of the current thread to the joblib workers.
  warnings.warn(
/home/tonyhuh/miniconda3/envs/explaintab311/lib/python3.11/site-packages/sklearn/utils/parallel.py:144: UserWarning: `sklearn.utils.parallel.delayed` should be used with `sklearn.utils.parallel.Parallel` to make it possible to propagate the scikit-learn configuration of the current thread to the joblib workers.
  warnings.warn(
/home/tonyhuh/miniconda3/envs/explaintab311/lib/python3.11/site-packages/sklearn/utils/parallel.py:144: UserWarning: `sklearn.utils.parallel.delayed` should be used with `sklearn.utils.parallel.Parallel` to make it possible to propagate the scikit-learn configuration of the current thread to the joblib workers.
  warnings.warn(
/home/tonyhuh/miniconda3/envs/explaintab311/lib/python3.11/site-packages/sklearn/utils/parallel.py:144: UserWarning: `sklearn.utils.parallel.delayed` should be used with `sklearn.utils.parallel.Parallel` to make it possible to propagate the scikit-learn configuration of the current thread to the joblib workers.
  warnings.warn(
/home/tonyhuh/miniconda3/envs/explaintab311/lib/python3.11/site-packages/sklearn/utils/parallel.py:144: UserWarning: `sklearn.utils.parallel.delayed` should be used with `sklearn.utils.parallel.Parallel` to make it possible to propagate the scikit-learn configuration of the current thread to the joblib workers.
  warnings.warn(
/home/tonyhuh/miniconda3/envs/explaintab311/lib/python3.11/site-packages/sklearn/utils/parallel.py:144: UserWarning: `sklearn.utils.parallel.delayed` should be used with `sklearn.utils.parallel.Parallel` to make it possible to propagate the scikit-learn configuration of the current thread to the joblib workers.
  warnings.warn(
/home/tonyhuh/miniconda3/envs/explaintab311/lib/python3.11/site-packages/sklearn/utils/parallel.py:144: UserWarning: `sklearn.utils.parallel.delayed` should be used with `sklearn.utils.parallel.Parallel` to make it possible to propagate the scikit-learn configuration of the current thread to the joblib workers.
  warnings.warn(
/home/tonyhuh/miniconda3/envs/explaintab311/lib/python3.11/site-packages/sklearn/utils/parallel.py:144: UserWarning: `sklearn.utils.parallel.delayed` should be used with `sklearn.utils.parallel.Parallel` to make it possible to propagate the scikit-learn configuration of the current thread to the joblib workers.
  warnings.warn(
/home/tonyhuh/miniconda3/envs/explaintab311/lib/python3.11/site-packages/sklearn/utils/parallel.py:144: UserWarning: `sklearn.utils.parallel.delayed` should be used with `sklearn.utils.parallel.Parallel` to make it possible to propagate the scikit-learn configuration of the current thread to the joblib workers.
  warnings.warn(
/home/tonyhuh/miniconda3/envs/explaintab311/lib/python3.11/site-packages/sklearn/utils/parallel.py:144: UserWarning: `sklearn.utils.parallel.delayed` should be used with `sklearn.utils.parallel.Parallel` to make it possible to propagate the scikit-learn configuration of the current thread to the joblib workers.
  warnings.warn(
/home/tonyhuh/miniconda3/envs/explaintab311/lib/python3.11/site-packages/sklearn/utils/parallel.py:144: UserWarning: `sklearn.utils.parallel.delayed` should be used with `sklearn.utils.parallel.Parallel` to make it possible to propagate the scikit-learn configuration of the current thread to the joblib workers.
  warnings.warn(
/home/tonyhuh/miniconda3/envs/explaintab311/lib/python3.11/site-packages/sklearn/utils/parallel.py:144: UserWarning: `sklearn.utils.parallel.delayed` should be used with `sklearn.utils.parallel.Parallel` to make it possible to propagate the scikit-learn configuration of the current thread to the joblib workers.
  warnings.warn(
/home/tonyhuh/miniconda3/envs/explaintab311/lib/python3.11/site-packages/sklearn/utils/parallel.py:144: UserWarning: `sklearn.utils.parallel.delayed` should be used with `sklearn.utils.parallel.Parallel` to make it possible to propagate the scikit-learn configuration of the current thread to the joblib workers.
  warnings.warn(
/home/tonyhuh/miniconda3/envs/explaintab311/lib/python3.11/site-packages/sklearn/utils/parallel.py:144: UserWarning: `sklearn.utils.parallel.delayed` should be used with `sklearn.utils.parallel.Parallel` to make it possible to propagate the scikit-learn configuration of the current thread to the joblib workers.
  warnings.warn(
/home/tonyhuh/miniconda3/envs/explaintab311/lib/python3.11/site-packages/sklearn/utils/parallel.py:144: UserWarning: `sklearn.utils.parallel.delayed` should be used with `sklearn.utils.parallel.Parallel` to make it possible to propagate the scikit-learn configuration of the current thread to the joblib workers.
  warnings.warn(
/home/tonyhuh/miniconda3/envs/explaintab311/lib/python3.11/site-packages/sklearn/utils/parallel.py:144: UserWarning: `sklearn.utils.parallel.delayed` should be used with `sklearn.utils.parallel.Parallel` to make it possible to propagate the scikit-learn configuration of the current thread to the joblib workers.
  warnings.warn(
/home/tonyhuh/miniconda3/envs/explaintab311/lib/python3.11/site-packages/sklearn/utils/parallel.py:144: UserWarning: `sklearn.utils.parallel.delayed` should be used with `sklearn.utils.parallel.Parallel` to make it possible to propagate the scikit-learn configuration of the current thread to the joblib workers.
  warnings.warn(
/home/tonyhuh/miniconda3/envs/explaintab311/lib/python3.11/site-packages/sklearn/utils/parallel.py:144: UserWarning: `sklearn.utils.parallel.delayed` should be used with `sklearn.utils.parallel.Parallel` to make it possible to propagate the scikit-learn configuration of the current thread to the joblib workers.
  warnings.warn(
/home/tonyhuh/miniconda3/envs/explaintab311/lib/python3.11/site-packages/sklearn/utils/parallel.py:144: UserWarning: `sklearn.utils.parallel.delayed` should be used with `sklearn.utils.parallel.Parallel` to make it possible to propagate the scikit-learn configuration of the current thread to the joblib workers.
  warnings.warn(
/home/tonyhuh/miniconda3/envs/explaintab311/lib/python3.11/site-packages/sklearn/utils/parallel.py:144: UserWarning: `sklearn.utils.parallel.delayed` should be used with `sklearn.utils.parallel.Parallel` to make it possible to propagate the scikit-learn configuration of the current thread to the joblib workers.
  warnings.warn(
/home/tonyhuh/miniconda3/envs/explaintab311/lib/python3.11/site-packages/sklearn/utils/parallel.py:144: UserWarning: `sklearn.utils.parallel.delayed` should be used with `sklearn.utils.parallel.Parallel` to make it possible to propagate the scikit-learn configuration of the current thread to the joblib workers.
  warnings.warn(
/home/tonyhuh/miniconda3/envs/explaintab311/lib/python3.11/site-packages/sklearn/utils/parallel.py:144: UserWarning: `sklearn.utils.parallel.delayed` should be used with `sklearn.utils.parallel.Parallel` to make it possible to propagate the scikit-learn configuration of the current thread to the joblib workers.
  warnings.warn(
/home/tonyhuh/miniconda3/envs/explaintab311/lib/python3.11/site-packages/sklearn/utils/parallel.py:144: UserWarning: `sklearn.utils.parallel.delayed` should be used with `sklearn.utils.parallel.Parallel` to make it possible to propagate the scikit-learn configuration of the current thread to the joblib workers.
  warnings.warn(
/home/tonyhuh/miniconda3/envs/explaintab311/lib/python3.11/site-packages/sklearn/utils/parallel.py:144: UserWarning: `sklearn.utils.parallel.delayed` should be used with `sklearn.utils.parallel.Parallel` to make it possible to propagate the scikit-learn configuration of the current thread to the joblib workers.
  warnings.warn(
/home/tonyhuh/miniconda3/envs/explaintab311/lib/python3.11/site-packages/sklearn/utils/parallel.py:144: UserWarning: `sklearn.utils.parallel.delayed` should be used with `sklearn.utils.parallel.Parallel` to make it possible to propagate the scikit-learn configuration of the current thread to the joblib workers.
  warnings.warn(
/home/tonyhuh/miniconda3/envs/explaintab311/lib/python3.11/site-packages/sklearn/utils/parallel.py:144: UserWarning: `sklearn.utils.parallel.delayed` should be used with `sklearn.utils.parallel.Parallel` to make it possible to propagate the scikit-learn configuration of the current thread to the joblib workers.
  warnings.warn(
/home/tonyhuh/miniconda3/envs/explaintab311/lib/python3.11/site-packages/sklearn/utils/parallel.py:144: UserWarning: `sklearn.utils.parallel.delayed` should be used with `sklearn.utils.parallel.Parallel` to make it possible to propagate the scikit-learn configuration of the current thread to the joblib workers.
  warnings.warn(
/home/tonyhuh/miniconda3/envs/explaintab311/lib/python3.11/site-packages/sklearn/utils/parallel.py:144: UserWarning: `sklearn.utils.parallel.delayed` should be used with `sklearn.utils.parallel.Parallel` to make it possible to propagate the scikit-learn configuration of the current thread to the joblib workers.
  warnings.warn(
/home/tonyhuh/miniconda3/envs/explaintab311/lib/python3.11/site-packages/sklearn/utils/parallel.py:144: UserWarning: `sklearn.utils.parallel.delayed` should be used with `sklearn.utils.parallel.Parallel` to make it possible to propagate the scikit-learn configuration of the current thread to the joblib workers.
  warnings.warn(
/home/tonyhuh/miniconda3/envs/explaintab311/lib/python3.11/site-packages/sklearn/utils/parallel.py:144: UserWarning: `sklearn.utils.parallel.delayed` should be used with `sklearn.utils.parallel.Parallel` to make it possible to propagate the scikit-learn configuration of the current thread to the joblib workers.
  warnings.warn(
/home/tonyhuh/miniconda3/envs/explaintab311/lib/python3.11/site-packages/sklearn/utils/parallel.py:144: UserWarning: `sklearn.utils.parallel.delayed` should be used with `sklearn.utils.parallel.Parallel` to make it possible to propagate the scikit-learn configuration of the current thread to the joblib workers.
  warnings.warn(
/home/tonyhuh/miniconda3/envs/explaintab311/lib/python3.11/site-packages/sklearn/utils/parallel.py:144: UserWarning: `sklearn.utils.parallel.delayed` should be used with `sklearn.utils.parallel.Parallel` to make it possible to propagate the scikit-learn configuration of the current thread to the joblib workers.
  warnings.warn(
/home/tonyhuh/miniconda3/envs/explaintab311/lib/python3.11/site-packages/sklearn/utils/parallel.py:144: UserWarning: `sklearn.utils.parallel.delayed` should be used with `sklearn.utils.parallel.Parallel` to make it possible to propagate the scikit-learn configuration of the current thread to the joblib workers.
  warnings.warn(
/home/tonyhuh/miniconda3/envs/explaintab311/lib/python3.11/site-packages/sklearn/utils/parallel.py:144: UserWarning: `sklearn.utils.parallel.delayed` should be used with `sklearn.utils.parallel.Parallel` to make it possible to propagate the scikit-learn configuration of the current thread to the joblib workers.
  warnings.warn(
/home/tonyhuh/miniconda3/envs/explaintab311/lib/python3.11/site-packages/sklearn/utils/parallel.py:144: UserWarning: `sklearn.utils.parallel.delayed` should be used with `sklearn.utils.parallel.Parallel` to make it possible to propagate the scikit-learn configuration of the current thread to the joblib workers.
  warnings.warn(
/home/tonyhuh/miniconda3/envs/explaintab311/lib/python3.11/site-packages/sklearn/utils/parallel.py:144: UserWarning: `sklearn.utils.parallel.delayed` should be used with `sklearn.utils.parallel.Parallel` to make it possible to propagate the scikit-learn configuration of the current thread to the joblib workers.
  warnings.warn(
/home/tonyhuh/miniconda3/envs/explaintab311/lib/python3.11/site-packages/sklearn/utils/parallel.py:144: UserWarning: `sklearn.utils.parallel.delayed` should be used with `sklearn.utils.parallel.Parallel` to make it possible to propagate the scikit-learn configuration of the current thread to the joblib workers.
  warnings.warn(
/home/tonyhuh/miniconda3/envs/explaintab311/lib/python3.11/site-packages/sklearn/utils/parallel.py:144: UserWarning: `sklearn.utils.parallel.delayed` should be used with `sklearn.utils.parallel.Parallel` to make it possible to propagate the scikit-learn configuration of the current thread to the joblib workers.
  warnings.warn(
/home/tonyhuh/miniconda3/envs/explaintab311/lib/python3.11/site-packages/sklearn/utils/parallel.py:144: UserWarning: `sklearn.utils.parallel.delayed` should be used with `sklearn.utils.parallel.Parallel` to make it possible to propagate the scikit-learn configuration of the current thread to the joblib workers.
  warnings.warn(
/home/tonyhuh/miniconda3/envs/explaintab311/lib/python3.11/site-packages/sklearn/utils/parallel.py:144: UserWarning: `sklearn.utils.parallel.delayed` should be used with `sklearn.utils.parallel.Parallel` to make it possible to propagate the scikit-learn configuration of the current thread to the joblib workers.
  warnings.warn(
/home/tonyhuh/miniconda3/envs/explaintab311/lib/python3.11/site-packages/sklearn/utils/parallel.py:144: UserWarning: `sklearn.utils.parallel.delayed` should be used with `sklearn.utils.parallel.Parallel` to make it possible to propagate the scikit-learn configuration of the current thread to the joblib workers.
  warnings.warn(
/home/tonyhuh/miniconda3/envs/explaintab311/lib/python3.11/site-packages/sklearn/utils/parallel.py:144: UserWarning: `sklearn.utils.parallel.delayed` should be used with `sklearn.utils.parallel.Parallel` to make it possible to propagate the scikit-learn configuration of the current thread to the joblib workers.
  warnings.warn(
/home/tonyhuh/miniconda3/envs/explaintab311/lib/python3.11/site-packages/sklearn/utils/parallel.py:144: UserWarning: `sklearn.utils.parallel.delayed` should be used with `sklearn.utils.parallel.Parallel` to make it possible to propagate the scikit-learn configuration of the current thread to the joblib workers.
  warnings.warn(
/home/tonyhuh/miniconda3/envs/explaintab311/lib/python3.11/site-packages/sklearn/utils/parallel.py:144: UserWarning: `sklearn.utils.parallel.delayed` should be used with `sklearn.utils.parallel.Parallel` to make it possible to propagate the scikit-learn configuration of the current thread to the joblib workers.
  warnings.warn(
/home/tonyhuh/miniconda3/envs/explaintab311/lib/python3.11/site-packages/sklearn/utils/parallel.py:144: UserWarning: `sklearn.utils.parallel.delayed` should be used with `sklearn.utils.parallel.Parallel` to make it possible to propagate the scikit-learn configuration of the current thread to the joblib workers.
  warnings.warn(
/home/tonyhuh/miniconda3/envs/explaintab311/lib/python3.11/site-packages/sklearn/utils/parallel.py:144: UserWarning: `sklearn.utils.parallel.delayed` should be used with `sklearn.utils.parallel.Parallel` to make it possible to propagate the scikit-learn configuration of the current thread to the joblib workers.
  warnings.warn(
/home/tonyhuh/miniconda3/envs/explaintab311/lib/python3.11/site-packages/sklearn/utils/parallel.py:144: UserWarning: `sklearn.utils.parallel.delayed` should be used with `sklearn.utils.parallel.Parallel` to make it possible to propagate the scikit-learn configuration of the current thread to the joblib workers.
  warnings.warn(
/home/tonyhuh/miniconda3/envs/explaintab311/lib/python3.11/site-packages/sklearn/utils/parallel.py:144: UserWarning: `sklearn.utils.parallel.delayed` should be used with `sklearn.utils.parallel.Parallel` to make it possible to propagate the scikit-learn configuration of the current thread to the joblib workers.
  warnings.warn(
/home/tonyhuh/miniconda3/envs/explaintab311/lib/python3.11/site-packages/sklearn/utils/parallel.py:144: UserWarning: `sklearn.utils.parallel.delayed` should be used with `sklearn.utils.parallel.Parallel` to make it possible to propagate the scikit-learn configuration of the current thread to the joblib workers.
  warnings.warn(
/home/tonyhuh/miniconda3/envs/explaintab311/lib/python3.11/site-packages/sklearn/utils/parallel.py:144: UserWarning: `sklearn.utils.parallel.delayed` should be used with `sklearn.utils.parallel.Parallel` to make it possible to propagate the scikit-learn configuration of the current thread to the joblib workers.
  warnings.warn(
/home/tonyhuh/miniconda3/envs/explaintab311/lib/python3.11/site-packages/sklearn/utils/parallel.py:144: UserWarning: `sklearn.utils.parallel.delayed` should be used with `sklearn.utils.parallel.Parallel` to make it possible to propagate the scikit-learn configuration of the current thread to the joblib workers.
  warnings.warn(
/home/tonyhuh/miniconda3/envs/explaintab311/lib/python3.11/site-packages/sklearn/utils/parallel.py:144: UserWarning: `sklearn.utils.parallel.delayed` should be used with `sklearn.utils.parallel.Parallel` to make it possible to propagate the scikit-learn configuration of the current thread to the joblib workers.
  warnings.warn(
/home/tonyhuh/miniconda3/envs/explaintab311/lib/python3.11/site-packages/sklearn/utils/parallel.py:144: UserWarning: `sklearn.utils.parallel.delayed` should be used with `sklearn.utils.parallel.Parallel` to make it possible to propagate the scikit-learn configuration of the current thread to the joblib workers.
  warnings.warn(
/home/tonyhuh/miniconda3/envs/explaintab311/lib/python3.11/site-packages/sklearn/utils/parallel.py:144: UserWarning: `sklearn.utils.parallel.delayed` should be used with `sklearn.utils.parallel.Parallel` to make it possible to propagate the scikit-learn configuration of the current thread to the joblib workers.
  warnings.warn(
/home/tonyhuh/miniconda3/envs/explaintab311/lib/python3.11/site-packages/sklearn/utils/parallel.py:144: UserWarning: `sklearn.utils.parallel.delayed` should be used with `sklearn.utils.parallel.Parallel` to make it possible to propagate the scikit-learn configuration of the current thread to the joblib workers.
  warnings.warn(
/home/tonyhuh/miniconda3/envs/explaintab311/lib/python3.11/site-packages/sklearn/utils/parallel.py:144: UserWarning: `sklearn.utils.parallel.delayed` should be used with `sklearn.utils.parallel.Parallel` to make it possible to propagate the scikit-learn configuration of the current thread to the joblib workers.
  warnings.warn(
/home/tonyhuh/miniconda3/envs/explaintab311/lib/python3.11/site-packages/sklearn/utils/parallel.py:144: UserWarning: `sklearn.utils.parallel.delayed` should be used with `sklearn.utils.parallel.Parallel` to make it possible to propagate the scikit-learn configuration of the current thread to the joblib workers.
  warnings.warn(
/home/tonyhuh/miniconda3/envs/explaintab311/lib/python3.11/site-packages/sklearn/utils/parallel.py:144: UserWarning: `sklearn.utils.parallel.delayed` should be used with `sklearn.utils.parallel.Parallel` to make it possible to propagate the scikit-learn configuration of the current thread to the joblib workers.
  warnings.warn(
/home/tonyhuh/miniconda3/envs/explaintab311/lib/python3.11/site-packages/sklearn/utils/parallel.py:144: UserWarning: `sklearn.utils.parallel.delayed` should be used with `sklearn.utils.parallel.Parallel` to make it possible to propagate the scikit-learn configuration of the current thread to the joblib workers.
  warnings.warn(
/home/tonyhuh/miniconda3/envs/explaintab311/lib/python3.11/site-packages/sklearn/utils/parallel.py:144: UserWarning: `sklearn.utils.parallel.delayed` should be used with `sklearn.utils.parallel.Parallel` to make it possible to propagate the scikit-learn configuration of the current thread to the joblib workers.
  warnings.warn(
/home/tonyhuh/miniconda3/envs/explaintab311/lib/python3.11/site-packages/sklearn/utils/parallel.py:144: UserWarning: `sklearn.utils.parallel.delayed` should be used with `sklearn.utils.parallel.Parallel` to make it possible to propagate the scikit-learn configuration of the current thread to the joblib workers.
  warnings.warn(
/home/tonyhuh/miniconda3/envs/explaintab311/lib/python3.11/site-packages/sklearn/utils/parallel.py:144: UserWarning: `sklearn.utils.parallel.delayed` should be used with `sklearn.utils.parallel.Parallel` to make it possible to propagate the scikit-learn configuration of the current thread to the joblib workers.
  warnings.warn(
/home/tonyhuh/miniconda3/envs/explaintab311/lib/python3.11/site-packages/sklearn/utils/parallel.py:144: UserWarning: `sklearn.utils.parallel.delayed` should be used with `sklearn.utils.parallel.Parallel` to make it possible to propagate the scikit-learn configuration of the current thread to the joblib workers.
  warnings.warn(
/home/tonyhuh/miniconda3/envs/explaintab311/lib/python3.11/site-packages/sklearn/utils/parallel.py:144: UserWarning: `sklearn.utils.parallel.delayed` should be used with `sklearn.utils.parallel.Parallel` to make it possible to propagate the scikit-learn configuration of the current thread to the joblib workers.
  warnings.warn(
/home/tonyhuh/miniconda3/envs/explaintab311/lib/python3.11/site-packages/sklearn/utils/parallel.py:144: UserWarning: `sklearn.utils.parallel.delayed` should be used with `sklearn.utils.parallel.Parallel` to make it possible to propagate the scikit-learn configuration of the current thread to the joblib workers.
  warnings.warn(
/home/tonyhuh/miniconda3/envs/explaintab311/lib/python3.11/site-packages/sklearn/utils/parallel.py:144: UserWarning: `sklearn.utils.parallel.delayed` should be used with `sklearn.utils.parallel.Parallel` to make it possible to propagate the scikit-learn configuration of the current thread to the joblib workers.
  warnings.warn(
/home/tonyhuh/miniconda3/envs/explaintab311/lib/python3.11/site-packages/sklearn/utils/parallel.py:144: UserWarning: `sklearn.utils.parallel.delayed` should be used with `sklearn.utils.parallel.Parallel` to make it possible to propagate the scikit-learn configuration of the current thread to the joblib workers.
  warnings.warn(
/home/tonyhuh/miniconda3/envs/explaintab311/lib/python3.11/site-packages/sklearn/utils/parallel.py:144: UserWarning: `sklearn.utils.parallel.delayed` should be used with `sklearn.utils.parallel.Parallel` to make it possible to propagate the scikit-learn configuration of the current thread to the joblib workers.
  warnings.warn(
/home/tonyhuh/miniconda3/envs/explaintab311/lib/python3.11/site-packages/sklearn/utils/parallel.py:144: UserWarning: `sklearn.utils.parallel.delayed` should be used with `sklearn.utils.parallel.Parallel` to make it possible to propagate the scikit-learn configuration of the current thread to the joblib workers.
  warnings.warn(
/home/tonyhuh/miniconda3/envs/explaintab311/lib/python3.11/site-packages/sklearn/utils/parallel.py:144: UserWarning: `sklearn.utils.parallel.delayed` should be used with `sklearn.utils.parallel.Parallel` to make it possible to propagate the scikit-learn configuration of the current thread to the joblib workers.
  warnings.warn(
/home/tonyhuh/miniconda3/envs/explaintab311/lib/python3.11/site-packages/sklearn/utils/parallel.py:144: UserWarning: `sklearn.utils.parallel.delayed` should be used with `sklearn.utils.parallel.Parallel` to make it possible to propagate the scikit-learn configuration of the current thread to the joblib workers.
  warnings.warn(
/home/tonyhuh/miniconda3/envs/explaintab311/lib/python3.11/site-packages/sklearn/utils/parallel.py:144: UserWarning: `sklearn.utils.parallel.delayed` should be used with `sklearn.utils.parallel.Parallel` to make it possible to propagate the scikit-learn configuration of the current thread to the joblib workers.
  warnings.warn(
/home/tonyhuh/miniconda3/envs/explaintab311/lib/python3.11/site-packages/sklearn/utils/parallel.py:144: UserWarning: `sklearn.utils.parallel.delayed` should be used with `sklearn.utils.parallel.Parallel` to make it possible to propagate the scikit-learn configuration of the current thread to the joblib workers.
  warnings.warn(
/home/tonyhuh/miniconda3/envs/explaintab311/lib/python3.11/site-packages/sklearn/utils/parallel.py:144: UserWarning: `sklearn.utils.parallel.delayed` should be used with `sklearn.utils.parallel.Parallel` to make it possible to propagate the scikit-learn configuration of the current thread to the joblib workers.
  warnings.warn(
/home/tonyhuh/miniconda3/envs/explaintab311/lib/python3.11/site-packages/sklearn/utils/parallel.py:144: UserWarning: `sklearn.utils.parallel.delayed` should be used with `sklearn.utils.parallel.Parallel` to make it possible to propagate the scikit-learn configuration of the current thread to the joblib workers.
  warnings.warn(
/home/tonyhuh/miniconda3/envs/explaintab311/lib/python3.11/site-packages/sklearn/utils/parallel.py:144: UserWarning: `sklearn.utils.parallel.delayed` should be used with `sklearn.utils.parallel.Parallel` to make it possible to propagate the scikit-learn configuration of the current thread to the joblib workers.
  warnings.warn(
/home/tonyhuh/miniconda3/envs/explaintab311/lib/python3.11/site-packages/sklearn/utils/parallel.py:144: UserWarning: `sklearn.utils.parallel.delayed` should be used with `sklearn.utils.parallel.Parallel` to make it possible to propagate the scikit-learn configuration of the current thread to the joblib workers.
  warnings.warn(
/home/tonyhuh/miniconda3/envs/explaintab311/lib/python3.11/site-packages/sklearn/utils/parallel.py:144: UserWarning: `sklearn.utils.parallel.delayed` should be used with `sklearn.utils.parallel.Parallel` to make it possible to propagate the scikit-learn configuration of the current thread to the joblib workers.
  warnings.warn(
/home/tonyhuh/miniconda3/envs/explaintab311/lib/python3.11/site-packages/sklearn/utils/parallel.py:144: UserWarning: `sklearn.utils.parallel.delayed` should be used with `sklearn.utils.parallel.Parallel` to make it possible to propagate the scikit-learn configuration of the current thread to the joblib workers.
  warnings.warn(
/home/tonyhuh/miniconda3/envs/explaintab311/lib/python3.11/site-packages/sklearn/utils/parallel.py:144: UserWarning: `sklearn.utils.parallel.delayed` should be used with `sklearn.utils.parallel.Parallel` to make it possible to propagate the scikit-learn configuration of the current thread to the joblib workers.
  warnings.warn(
/home/tonyhuh/miniconda3/envs/explaintab311/lib/python3.11/site-packages/sklearn/utils/parallel.py:144: UserWarning: `sklearn.utils.parallel.delayed` should be used with `sklearn.utils.parallel.Parallel` to make it possible to propagate the scikit-learn configuration of the current thread to the joblib workers.
  warnings.warn(
/home/tonyhuh/miniconda3/envs/explaintab311/lib/python3.11/site-packages/sklearn/utils/parallel.py:144: UserWarning: `sklearn.utils.parallel.delayed` should be used with `sklearn.utils.parallel.Parallel` to make it possible to propagate the scikit-learn configuration of the current thread to the joblib workers.
  warnings.warn(
/home/tonyhuh/miniconda3/envs/explaintab311/lib/python3.11/site-packages/sklearn/utils/parallel.py:144: UserWarning: `sklearn.utils.parallel.delayed` should be used with `sklearn.utils.parallel.Parallel` to make it possible to propagate the scikit-learn configuration of the current thread to the joblib workers.
  warnings.warn(
/home/tonyhuh/miniconda3/envs/explaintab311/lib/python3.11/site-packages/sklearn/utils/parallel.py:144: UserWarning: `sklearn.utils.parallel.delayed` should be used with `sklearn.utils.parallel.Parallel` to make it possible to propagate the scikit-learn configuration of the current thread to the joblib workers.
  warnings.warn(
/home/tonyhuh/miniconda3/envs/explaintab311/lib/python3.11/site-packages/sklearn/utils/parallel.py:144: UserWarning: `sklearn.utils.parallel.delayed` should be used with `sklearn.utils.parallel.Parallel` to make it possible to propagate the scikit-learn configuration of the current thread to the joblib workers.
  warnings.warn(
/home/tonyhuh/miniconda3/envs/explaintab311/lib/python3.11/site-packages/sklearn/utils/parallel.py:144: UserWarning: `sklearn.utils.parallel.delayed` should be used with `sklearn.utils.parallel.Parallel` to make it possible to propagate the scikit-learn configuration of the current thread to the joblib workers.
  warnings.warn(
/home/tonyhuh/miniconda3/envs/explaintab311/lib/python3.11/site-packages/sklearn/utils/parallel.py:144: UserWarning: `sklearn.utils.parallel.delayed` should be used with `sklearn.utils.parallel.Parallel` to make it possible to propagate the scikit-learn configuration of the current thread to the joblib workers.
  warnings.warn(
/home/tonyhuh/miniconda3/envs/explaintab311/lib/python3.11/site-packages/sklearn/utils/parallel.py:144: UserWarning: `sklearn.utils.parallel.delayed` should be used with `sklearn.utils.parallel.Parallel` to make it possible to propagate the scikit-learn configuration of the current thread to the joblib workers.
  warnings.warn(
/home/tonyhuh/miniconda3/envs/explaintab311/lib/python3.11/site-packages/sklearn/utils/parallel.py:144: UserWarning: `sklearn.utils.parallel.delayed` should be used with `sklearn.utils.parallel.Parallel` to make it possible to propagate the scikit-learn configuration of the current thread to the joblib workers.
  warnings.warn(
/home/tonyhuh/miniconda3/envs/explaintab311/lib/python3.11/site-packages/sklearn/utils/parallel.py:144: UserWarning: `sklearn.utils.parallel.delayed` should be used with `sklearn.utils.parallel.Parallel` to make it possible to propagate the scikit-learn configuration of the current thread to the joblib workers.
  warnings.warn(
/home/tonyhuh/miniconda3/envs/explaintab311/lib/python3.11/site-packages/sklearn/utils/parallel.py:144: UserWarning: `sklearn.utils.parallel.delayed` should be used with `sklearn.utils.parallel.Parallel` to make it possible to propagate the scikit-learn configuration of the current thread to the joblib workers.
  warnings.warn(
/home/tonyhuh/miniconda3/envs/explaintab311/lib/python3.11/site-packages/sklearn/utils/parallel.py:144: UserWarning: `sklearn.utils.parallel.delayed` should be used with `sklearn.utils.parallel.Parallel` to make it possible to propagate the scikit-learn configuration of the current thread to the joblib workers.
  warnings.warn(
/home/tonyhuh/miniconda3/envs/explaintab311/lib/python3.11/site-packages/sklearn/utils/parallel.py:144: UserWarning: `sklearn.utils.parallel.delayed` should be used with `sklearn.utils.parallel.Parallel` to make it possible to propagate the scikit-learn configuration of the current thread to the joblib workers.
  warnings.warn(
/home/tonyhuh/miniconda3/envs/explaintab311/lib/python3.11/site-packages/sklearn/utils/parallel.py:144: UserWarning: `sklearn.utils.parallel.delayed` should be used with `sklearn.utils.parallel.Parallel` to make it possible to propagate the scikit-learn configuration of the current thread to the joblib workers.
  warnings.warn(
/home/tonyhuh/miniconda3/envs/explaintab311/lib/python3.11/site-packages/sklearn/utils/parallel.py:144: UserWarning: `sklearn.utils.parallel.delayed` should be used with `sklearn.utils.parallel.Parallel` to make it possible to propagate the scikit-learn configuration of the current thread to the joblib workers.
  warnings.warn(
/home/tonyhuh/miniconda3/envs/explaintab311/lib/python3.11/site-packages/sklearn/utils/parallel.py:144: UserWarning: `sklearn.utils.parallel.delayed` should be used with `sklearn.utils.parallel.Parallel` to make it possible to propagate the scikit-learn configuration of the current thread to the joblib workers.
  warnings.warn(
/home/tonyhuh/miniconda3/envs/explaintab311/lib/python3.11/site-packages/sklearn/utils/parallel.py:144: UserWarning: `sklearn.utils.parallel.delayed` should be used with `sklearn.utils.parallel.Parallel` to make it possible to propagate the scikit-learn configuration of the current thread to the joblib workers.
  warnings.warn(
/home/tonyhuh/miniconda3/envs/explaintab311/lib/python3.11/site-packages/sklearn/utils/parallel.py:144: UserWarning: `sklearn.utils.parallel.delayed` should be used with `sklearn.utils.parallel.Parallel` to make it possible to propagate the scikit-learn configuration of the current thread to the joblib workers.
  warnings.warn(
/home/tonyhuh/miniconda3/envs/explaintab311/lib/python3.11/site-packages/sklearn/utils/parallel.py:144: UserWarning: `sklearn.utils.parallel.delayed` should be used with `sklearn.utils.parallel.Parallel` to make it possible to propagate the scikit-learn configuration of the current thread to the joblib workers.
  warnings.warn(
/home/tonyhuh/miniconda3/envs/explaintab311/lib/python3.11/site-packages/sklearn/utils/parallel.py:144: UserWarning: `sklearn.utils.parallel.delayed` should be used with `sklearn.utils.parallel.Parallel` to make it possible to propagate the scikit-learn configuration of the current thread to the joblib workers.
  warnings.warn(
/home/tonyhuh/miniconda3/envs/explaintab311/lib/python3.11/site-packages/sklearn/utils/parallel.py:144: UserWarning: `sklearn.utils.parallel.delayed` should be used with `sklearn.utils.parallel.Parallel` to make it possible to propagate the scikit-learn configuration of the current thread to the joblib workers.
  warnings.warn(
/home/tonyhuh/miniconda3/envs/explaintab311/lib/python3.11/site-packages/sklearn/utils/parallel.py:144: UserWarning: `sklearn.utils.parallel.delayed` should be used with `sklearn.utils.parallel.Parallel` to make it possible to propagate the scikit-learn configuration of the current thread to the joblib workers.
  warnings.warn(
/home/tonyhuh/miniconda3/envs/explaintab311/lib/python3.11/site-packages/sklearn/utils/parallel.py:144: UserWarning: `sklearn.utils.parallel.delayed` should be used with `sklearn.utils.parallel.Parallel` to make it possible to propagate the scikit-learn configuration of the current thread to the joblib workers.
  warnings.warn(
/home/tonyhuh/miniconda3/envs/explaintab311/lib/python3.11/site-packages/sklearn/utils/parallel.py:144: UserWarning: `sklearn.utils.parallel.delayed` should be used with `sklearn.utils.parallel.Parallel` to make it possible to propagate the scikit-learn configuration of the current thread to the joblib workers.
  warnings.warn(
/home/tonyhuh/miniconda3/envs/explaintab311/lib/python3.11/site-packages/sklearn/utils/parallel.py:144: UserWarning: `sklearn.utils.parallel.delayed` should be used with `sklearn.utils.parallel.Parallel` to make it possible to propagate the scikit-learn configuration of the current thread to the joblib workers.
  warnings.warn(
/home/tonyhuh/miniconda3/envs/explaintab311/lib/python3.11/site-packages/sklearn/utils/parallel.py:144: UserWarning: `sklearn.utils.parallel.delayed` should be used with `sklearn.utils.parallel.Parallel` to make it possible to propagate the scikit-learn configuration of the current thread to the joblib workers.
  warnings.warn(
/home/tonyhuh/miniconda3/envs/explaintab311/lib/python3.11/site-packages/sklearn/utils/parallel.py:144: UserWarning: `sklearn.utils.parallel.delayed` should be used with `sklearn.utils.parallel.Parallel` to make it possible to propagate the scikit-learn configuration of the current thread to the joblib workers.
  warnings.warn(
/home/tonyhuh/miniconda3/envs/explaintab311/lib/python3.11/site-packages/sklearn/utils/parallel.py:144: UserWarning: `sklearn.utils.parallel.delayed` should be used with `sklearn.utils.parallel.Parallel` to make it possible to propagate the scikit-learn configuration of the current thread to the joblib workers.
  warnings.warn(
/home/tonyhuh/miniconda3/envs/explaintab311/lib/python3.11/site-packages/sklearn/utils/parallel.py:144: UserWarning: `sklearn.utils.parallel.delayed` should be used with `sklearn.utils.parallel.Parallel` to make it possible to propagate the scikit-learn configuration of the current thread to the joblib workers.
  warnings.warn(
/home/tonyhuh/miniconda3/envs/explaintab311/lib/python3.11/site-packages/sklearn/utils/parallel.py:144: UserWarning: `sklearn.utils.parallel.delayed` should be used with `sklearn.utils.parallel.Parallel` to make it possible to propagate the scikit-learn configuration of the current thread to the joblib workers.
  warnings.warn(
/home/tonyhuh/miniconda3/envs/explaintab311/lib/python3.11/site-packages/sklearn/utils/parallel.py:144: UserWarning: `sklearn.utils.parallel.delayed` should be used with `sklearn.utils.parallel.Parallel` to make it possible to propagate the scikit-learn configuration of the current thread to the joblib workers.
  warnings.warn(
/home/tonyhuh/miniconda3/envs/explaintab311/lib/python3.11/site-packages/sklearn/utils/parallel.py:144: UserWarning: `sklearn.utils.parallel.delayed` should be used with `sklearn.utils.parallel.Parallel` to make it possible to propagate the scikit-learn configuration of the current thread to the joblib workers.
  warnings.warn(
/home/tonyhuh/miniconda3/envs/explaintab311/lib/python3.11/site-packages/sklearn/utils/parallel.py:144: UserWarning: `sklearn.utils.parallel.delayed` should be used with `sklearn.utils.parallel.Parallel` to make it possible to propagate the scikit-learn configuration of the current thread to the joblib workers.
  warnings.warn(
/home/tonyhuh/miniconda3/envs/explaintab311/lib/python3.11/site-packages/sklearn/utils/parallel.py:144: UserWarning: `sklearn.utils.parallel.delayed` should be used with `sklearn.utils.parallel.Parallel` to make it possible to propagate the scikit-learn configuration of the current thread to the joblib workers.
  warnings.warn(
/home/tonyhuh/miniconda3/envs/explaintab311/lib/python3.11/site-packages/sklearn/utils/parallel.py:144: UserWarning: `sklearn.utils.parallel.delayed` should be used with `sklearn.utils.parallel.Parallel` to make it possible to propagate the scikit-learn configuration of the current thread to the joblib workers.
  warnings.warn(
/home/tonyhuh/miniconda3/envs/explaintab311/lib/python3.11/site-packages/sklearn/utils/parallel.py:144: UserWarning: `sklearn.utils.parallel.delayed` should be used with `sklearn.utils.parallel.Parallel` to make it possible to propagate the scikit-learn configuration of the current thread to the joblib workers.
  warnings.warn(
/home/tonyhuh/miniconda3/envs/explaintab311/lib/python3.11/site-packages/sklearn/utils/parallel.py:144: UserWarning: `sklearn.utils.parallel.delayed` should be used with `sklearn.utils.parallel.Parallel` to make it possible to propagate the scikit-learn configuration of the current thread to the joblib workers.
  warnings.warn(
/home/tonyhuh/miniconda3/envs/explaintab311/lib/python3.11/site-packages/sklearn/utils/parallel.py:144: UserWarning: `sklearn.utils.parallel.delayed` should be used with `sklearn.utils.parallel.Parallel` to make it possible to propagate the scikit-learn configuration of the current thread to the joblib workers.
  warnings.warn(
/home/tonyhuh/miniconda3/envs/explaintab311/lib/python3.11/site-packages/sklearn/utils/parallel.py:144: UserWarning: `sklearn.utils.parallel.delayed` should be used with `sklearn.utils.parallel.Parallel` to make it possible to propagate the scikit-learn configuration of the current thread to the joblib workers.
  warnings.warn(
/home/tonyhuh/miniconda3/envs/explaintab311/lib/python3.11/site-packages/sklearn/utils/parallel.py:144: UserWarning: `sklearn.utils.parallel.delayed` should be used with `sklearn.utils.parallel.Parallel` to make it possible to propagate the scikit-learn configuration of the current thread to the joblib workers.
  warnings.warn(
/home/tonyhuh/miniconda3/envs/explaintab311/lib/python3.11/site-packages/sklearn/utils/parallel.py:144: UserWarning: `sklearn.utils.parallel.delayed` should be used with `sklearn.utils.parallel.Parallel` to make it possible to propagate the scikit-learn configuration of the current thread to the joblib workers.
  warnings.warn(
/home/tonyhuh/miniconda3/envs/explaintab311/lib/python3.11/site-packages/sklearn/utils/parallel.py:144: UserWarning: `sklearn.utils.parallel.delayed` should be used with `sklearn.utils.parallel.Parallel` to make it possible to propagate the scikit-learn configuration of the current thread to the joblib workers.
  warnings.warn(
/home/tonyhuh/miniconda3/envs/explaintab311/lib/python3.11/site-packages/sklearn/utils/parallel.py:144: UserWarning: `sklearn.utils.parallel.delayed` should be used with `sklearn.utils.parallel.Parallel` to make it possible to propagate the scikit-learn configuration of the current thread to the joblib workers.
  warnings.warn(
/home/tonyhuh/miniconda3/envs/explaintab311/lib/python3.11/site-packages/sklearn/utils/parallel.py:144: UserWarning: `sklearn.utils.parallel.delayed` should be used with `sklearn.utils.parallel.Parallel` to make it possible to propagate the scikit-learn configuration of the current thread to the joblib workers.
  warnings.warn(
/home/tonyhuh/miniconda3/envs/explaintab311/lib/python3.11/site-packages/sklearn/utils/parallel.py:144: UserWarning: `sklearn.utils.parallel.delayed` should be used with `sklearn.utils.parallel.Parallel` to make it possible to propagate the scikit-learn configuration of the current thread to the joblib workers.
  warnings.warn(
/home/tonyhuh/miniconda3/envs/explaintab311/lib/python3.11/site-packages/sklearn/utils/parallel.py:144: UserWarning: `sklearn.utils.parallel.delayed` should be used with `sklearn.utils.parallel.Parallel` to make it possible to propagate the scikit-learn configuration of the current thread to the joblib workers.
  warnings.warn(
/home/tonyhuh/miniconda3/envs/explaintab311/lib/python3.11/site-packages/sklearn/utils/parallel.py:144: UserWarning: `sklearn.utils.parallel.delayed` should be used with `sklearn.utils.parallel.Parallel` to make it possible to propagate the scikit-learn configuration of the current thread to the joblib workers.
  warnings.warn(
/home/tonyhuh/miniconda3/envs/explaintab311/lib/python3.11/site-packages/sklearn/utils/parallel.py:144: UserWarning: `sklearn.utils.parallel.delayed` should be used with `sklearn.utils.parallel.Parallel` to make it possible to propagate the scikit-learn configuration of the current thread to the joblib workers.
  warnings.warn(
/home/tonyhuh/miniconda3/envs/explaintab311/lib/python3.11/site-packages/sklearn/utils/parallel.py:144: UserWarning: `sklearn.utils.parallel.delayed` should be used with `sklearn.utils.parallel.Parallel` to make it possible to propagate the scikit-learn configuration of the current thread to the joblib workers.
  warnings.warn(
/home/tonyhuh/miniconda3/envs/explaintab311/lib/python3.11/site-packages/sklearn/utils/parallel.py:144: UserWarning: `sklearn.utils.parallel.delayed` should be used with `sklearn.utils.parallel.Parallel` to make it possible to propagate the scikit-learn configuration of the current thread to the joblib workers.
  warnings.warn(
/home/tonyhuh/miniconda3/envs/explaintab311/lib/python3.11/site-packages/sklearn/utils/parallel.py:144: UserWarning: `sklearn.utils.parallel.delayed` should be used with `sklearn.utils.parallel.Parallel` to make it possible to propagate the scikit-learn configuration of the current thread to the joblib workers.
  warnings.warn(
/home/tonyhuh/miniconda3/envs/explaintab311/lib/python3.11/site-packages/sklearn/utils/parallel.py:144: UserWarning: `sklearn.utils.parallel.delayed` should be used with `sklearn.utils.parallel.Parallel` to make it possible to propagate the scikit-learn configuration of the current thread to the joblib workers.
  warnings.warn(
/home/tonyhuh/miniconda3/envs/explaintab311/lib/python3.11/site-packages/sklearn/utils/parallel.py:144: UserWarning: `sklearn.utils.parallel.delayed` should be used with `sklearn.utils.parallel.Parallel` to make it possible to propagate the scikit-learn configuration of the current thread to the joblib workers.
  warnings.warn(
/home/tonyhuh/miniconda3/envs/explaintab311/lib/python3.11/site-packages/sklearn/utils/parallel.py:144: UserWarning: `sklearn.utils.parallel.delayed` should be used with `sklearn.utils.parallel.Parallel` to make it possible to propagate the scikit-learn configuration of the current thread to the joblib workers.
  warnings.warn(
/home/tonyhuh/miniconda3/envs/explaintab311/lib/python3.11/site-packages/sklearn/utils/parallel.py:144: UserWarning: `sklearn.utils.parallel.delayed` should be used with `sklearn.utils.parallel.Parallel` to make it possible to propagate the scikit-learn configuration of the current thread to the joblib workers.
  warnings.warn(
/home/tonyhuh/miniconda3/envs/explaintab311/lib/python3.11/site-packages/sklearn/utils/parallel.py:144: UserWarning: `sklearn.utils.parallel.delayed` should be used with `sklearn.utils.parallel.Parallel` to make it possible to propagate the scikit-learn configuration of the current thread to the joblib workers.
  warnings.warn(
/home/tonyhuh/miniconda3/envs/explaintab311/lib/python3.11/site-packages/sklearn/utils/parallel.py:144: UserWarning: `sklearn.utils.parallel.delayed` should be used with `sklearn.utils.parallel.Parallel` to make it possible to propagate the scikit-learn configuration of the current thread to the joblib workers.
  warnings.warn(
/home/tonyhuh/miniconda3/envs/explaintab311/lib/python3.11/site-packages/sklearn/utils/parallel.py:144: UserWarning: `sklearn.utils.parallel.delayed` should be used with `sklearn.utils.parallel.Parallel` to make it possible to propagate the scikit-learn configuration of the current thread to the joblib workers.
  warnings.warn(
/home/tonyhuh/miniconda3/envs/explaintab311/lib/python3.11/site-packages/sklearn/utils/parallel.py:144: UserWarning: `sklearn.utils.parallel.delayed` should be used with `sklearn.utils.parallel.Parallel` to make it possible to propagate the scikit-learn configuration of the current thread to the joblib workers.
  warnings.warn(
/home/tonyhuh/miniconda3/envs/explaintab311/lib/python3.11/site-packages/sklearn/utils/parallel.py:144: UserWarning: `sklearn.utils.parallel.delayed` should be used with `sklearn.utils.parallel.Parallel` to make it possible to propagate the scikit-learn configuration of the current thread to the joblib workers.
  warnings.warn(
/home/tonyhuh/miniconda3/envs/explaintab311/lib/python3.11/site-packages/sklearn/utils/parallel.py:144: UserWarning: `sklearn.utils.parallel.delayed` should be used with `sklearn.utils.parallel.Parallel` to make it possible to propagate the scikit-learn configuration of the current thread to the joblib workers.
  warnings.warn(
/home/tonyhuh/miniconda3/envs/explaintab311/lib/python3.11/site-packages/sklearn/utils/parallel.py:144: UserWarning: `sklearn.utils.parallel.delayed` should be used with `sklearn.utils.parallel.Parallel` to make it possible to propagate the scikit-learn configuration of the current thread to the joblib workers.
  warnings.warn(
/home/tonyhuh/miniconda3/envs/explaintab311/lib/python3.11/site-packages/sklearn/utils/parallel.py:144: UserWarning: `sklearn.utils.parallel.delayed` should be used with `sklearn.utils.parallel.Parallel` to make it possible to propagate the scikit-learn configuration of the current thread to the joblib workers.
  warnings.warn(
/home/tonyhuh/miniconda3/envs/explaintab311/lib/python3.11/site-packages/sklearn/utils/parallel.py:144: UserWarning: `sklearn.utils.parallel.delayed` should be used with `sklearn.utils.parallel.Parallel` to make it possible to propagate the scikit-learn configuration of the current thread to the joblib workers.
  warnings.warn(
/home/tonyhuh/miniconda3/envs/explaintab311/lib/python3.11/site-packages/sklearn/utils/parallel.py:144: UserWarning: `sklearn.utils.parallel.delayed` should be used with `sklearn.utils.parallel.Parallel` to make it possible to propagate the scikit-learn configuration of the current thread to the joblib workers.
  warnings.warn(
/home/tonyhuh/miniconda3/envs/explaintab311/lib/python3.11/site-packages/sklearn/utils/parallel.py:144: UserWarning: `sklearn.utils.parallel.delayed` should be used with `sklearn.utils.parallel.Parallel` to make it possible to propagate the scikit-learn configuration of the current thread to the joblib workers.
  warnings.warn(
/home/tonyhuh/miniconda3/envs/explaintab311/lib/python3.11/site-packages/sklearn/utils/parallel.py:144: UserWarning: `sklearn.utils.parallel.delayed` should be used with `sklearn.utils.parallel.Parallel` to make it possible to propagate the scikit-learn configuration of the current thread to the joblib workers.
  warnings.warn(
/home/tonyhuh/miniconda3/envs/explaintab311/lib/python3.11/site-packages/sklearn/utils/parallel.py:144: UserWarning: `sklearn.utils.parallel.delayed` should be used with `sklearn.utils.parallel.Parallel` to make it possible to propagate the scikit-learn configuration of the current thread to the joblib workers.
  warnings.warn(
/home/tonyhuh/miniconda3/envs/explaintab311/lib/python3.11/site-packages/sklearn/utils/parallel.py:144: UserWarning: `sklearn.utils.parallel.delayed` should be used with `sklearn.utils.parallel.Parallel` to make it possible to propagate the scikit-learn configuration of the current thread to the joblib workers.
  warnings.warn(
/home/tonyhuh/miniconda3/envs/explaintab311/lib/python3.11/site-packages/sklearn/utils/parallel.py:144: UserWarning: `sklearn.utils.parallel.delayed` should be used with `sklearn.utils.parallel.Parallel` to make it possible to propagate the scikit-learn configuration of the current thread to the joblib workers.
  warnings.warn(
/home/tonyhuh/miniconda3/envs/explaintab311/lib/python3.11/site-packages/sklearn/utils/parallel.py:144: UserWarning: `sklearn.utils.parallel.delayed` should be used with `sklearn.utils.parallel.Parallel` to make it possible to propagate the scikit-learn configuration of the current thread to the joblib workers.
  warnings.warn(
/home/tonyhuh/miniconda3/envs/explaintab311/lib/python3.11/site-packages/sklearn/utils/parallel.py:144: UserWarning: `sklearn.utils.parallel.delayed` should be used with `sklearn.utils.parallel.Parallel` to make it possible to propagate the scikit-learn configuration of the current thread to the joblib workers.
  warnings.warn(
/home/tonyhuh/miniconda3/envs/explaintab311/lib/python3.11/site-packages/sklearn/utils/parallel.py:144: UserWarning: `sklearn.utils.parallel.delayed` should be used with `sklearn.utils.parallel.Parallel` to make it possible to propagate the scikit-learn configuration of the current thread to the joblib workers.
  warnings.warn(
/home/tonyhuh/miniconda3/envs/explaintab311/lib/python3.11/site-packages/sklearn/utils/parallel.py:144: UserWarning: `sklearn.utils.parallel.delayed` should be used with `sklearn.utils.parallel.Parallel` to make it possible to propagate the scikit-learn configuration of the current thread to the joblib workers.
  warnings.warn(
/home/tonyhuh/miniconda3/envs/explaintab311/lib/python3.11/site-packages/sklearn/utils/parallel.py:144: UserWarning: `sklearn.utils.parallel.delayed` should be used with `sklearn.utils.parallel.Parallel` to make it possible to propagate the scikit-learn configuration of the current thread to the joblib workers.
  warnings.warn(
/home/tonyhuh/miniconda3/envs/explaintab311/lib/python3.11/site-packages/sklearn/utils/parallel.py:144: UserWarning: `sklearn.utils.parallel.delayed` should be used with `sklearn.utils.parallel.Parallel` to make it possible to propagate the scikit-learn configuration of the current thread to the joblib workers.
  warnings.warn(
/home/tonyhuh/miniconda3/envs/explaintab311/lib/python3.11/site-packages/sklearn/utils/parallel.py:144: UserWarning: `sklearn.utils.parallel.delayed` should be used with `sklearn.utils.parallel.Parallel` to make it possible to propagate the scikit-learn configuration of the current thread to the joblib workers.
  warnings.warn(
/home/tonyhuh/miniconda3/envs/explaintab311/lib/python3.11/site-packages/sklearn/utils/parallel.py:144: UserWarning: `sklearn.utils.parallel.delayed` should be used with `sklearn.utils.parallel.Parallel` to make it possible to propagate the scikit-learn configuration of the current thread to the joblib workers.
  warnings.warn(
/home/tonyhuh/miniconda3/envs/explaintab311/lib/python3.11/site-packages/sklearn/utils/parallel.py:144: UserWarning: `sklearn.utils.parallel.delayed` should be used with `sklearn.utils.parallel.Parallel` to make it possible to propagate the scikit-learn configuration of the current thread to the joblib workers.
  warnings.warn(
/home/tonyhuh/miniconda3/envs/explaintab311/lib/python3.11/site-packages/sklearn/utils/parallel.py:144: UserWarning: `sklearn.utils.parallel.delayed` should be used with `sklearn.utils.parallel.Parallel` to make it possible to propagate the scikit-learn configuration of the current thread to the joblib workers.
  warnings.warn(
/home/tonyhuh/miniconda3/envs/explaintab311/lib/python3.11/site-packages/sklearn/utils/parallel.py:144: UserWarning: `sklearn.utils.parallel.delayed` should be used with `sklearn.utils.parallel.Parallel` to make it possible to propagate the scikit-learn configuration of the current thread to the joblib workers.
  warnings.warn(
/home/tonyhuh/miniconda3/envs/explaintab311/lib/python3.11/site-packages/sklearn/utils/parallel.py:144: UserWarning: `sklearn.utils.parallel.delayed` should be used with `sklearn.utils.parallel.Parallel` to make it possible to propagate the scikit-learn configuration of the current thread to the joblib workers.
  warnings.warn(
/home/tonyhuh/miniconda3/envs/explaintab311/lib/python3.11/site-packages/sklearn/utils/parallel.py:144: UserWarning: `sklearn.utils.parallel.delayed` should be used with `sklearn.utils.parallel.Parallel` to make it possible to propagate the scikit-learn configuration of the current thread to the joblib workers.
  warnings.warn(
/home/tonyhuh/miniconda3/envs/explaintab311/lib/python3.11/site-packages/sklearn/utils/parallel.py:144: UserWarning: `sklearn.utils.parallel.delayed` should be used with `sklearn.utils.parallel.Parallel` to make it possible to propagate the scikit-learn configuration of the current thread to the joblib workers.
  warnings.warn(
/home/tonyhuh/miniconda3/envs/explaintab311/lib/python3.11/site-packages/sklearn/utils/parallel.py:144: UserWarning: `sklearn.utils.parallel.delayed` should be used with `sklearn.utils.parallel.Parallel` to make it possible to propagate the scikit-learn configuration of the current thread to the joblib workers.
  warnings.warn(
/home/tonyhuh/miniconda3/envs/explaintab311/lib/python3.11/site-packages/sklearn/utils/parallel.py:144: UserWarning: `sklearn.utils.parallel.delayed` should be used with `sklearn.utils.parallel.Parallel` to make it possible to propagate the scikit-learn configuration of the current thread to the joblib workers.
  warnings.warn(
/home/tonyhuh/miniconda3/envs/explaintab311/lib/python3.11/site-packages/sklearn/utils/parallel.py:144: UserWarning: `sklearn.utils.parallel.delayed` should be used with `sklearn.utils.parallel.Parallel` to make it possible to propagate the scikit-learn configuration of the current thread to the joblib workers.
  warnings.warn(
/home/tonyhuh/miniconda3/envs/explaintab311/lib/python3.11/site-packages/sklearn/utils/parallel.py:144: UserWarning: `sklearn.utils.parallel.delayed` should be used with `sklearn.utils.parallel.Parallel` to make it possible to propagate the scikit-learn configuration of the current thread to the joblib workers.
  warnings.warn(
/home/tonyhuh/miniconda3/envs/explaintab311/lib/python3.11/site-packages/sklearn/utils/parallel.py:144: UserWarning: `sklearn.utils.parallel.delayed` should be used with `sklearn.utils.parallel.Parallel` to make it possible to propagate the scikit-learn configuration of the current thread to the joblib workers.
  warnings.warn(
/home/tonyhuh/miniconda3/envs/explaintab311/lib/python3.11/site-packages/sklearn/utils/parallel.py:144: UserWarning: `sklearn.utils.parallel.delayed` should be used with `sklearn.utils.parallel.Parallel` to make it possible to propagate the scikit-learn configuration of the current thread to the joblib workers.
  warnings.warn(
/home/tonyhuh/miniconda3/envs/explaintab311/lib/python3.11/site-packages/sklearn/utils/parallel.py:144: UserWarning: `sklearn.utils.parallel.delayed` should be used with `sklearn.utils.parallel.Parallel` to make it possible to propagate the scikit-learn configuration of the current thread to the joblib workers.
  warnings.warn(
/home/tonyhuh/miniconda3/envs/explaintab311/lib/python3.11/site-packages/sklearn/utils/parallel.py:144: UserWarning: `sklearn.utils.parallel.delayed` should be used with `sklearn.utils.parallel.Parallel` to make it possible to propagate the scikit-learn configuration of the current thread to the joblib workers.
  warnings.warn(
/home/tonyhuh/miniconda3/envs/explaintab311/lib/python3.11/site-packages/sklearn/utils/parallel.py:144: UserWarning: `sklearn.utils.parallel.delayed` should be used with `sklearn.utils.parallel.Parallel` to make it possible to propagate the scikit-learn configuration of the current thread to the joblib workers.
  warnings.warn(
/home/tonyhuh/miniconda3/envs/explaintab311/lib/python3.11/site-packages/sklearn/utils/parallel.py:144: UserWarning: `sklearn.utils.parallel.delayed` should be used with `sklearn.utils.parallel.Parallel` to make it possible to propagate the scikit-learn configuration of the current thread to the joblib workers.
  warnings.warn(
/home/tonyhuh/miniconda3/envs/explaintab311/lib/python3.11/site-packages/sklearn/utils/parallel.py:144: UserWarning: `sklearn.utils.parallel.delayed` should be used with `sklearn.utils.parallel.Parallel` to make it possible to propagate the scikit-learn configuration of the current thread to the joblib workers.
  warnings.warn(
/home/tonyhuh/miniconda3/envs/explaintab311/lib/python3.11/site-packages/sklearn/utils/parallel.py:144: UserWarning: `sklearn.utils.parallel.delayed` should be used with `sklearn.utils.parallel.Parallel` to make it possible to propagate the scikit-learn configuration of the current thread to the joblib workers.
  warnings.warn(
/home/tonyhuh/miniconda3/envs/explaintab311/lib/python3.11/site-packages/sklearn/utils/parallel.py:144: UserWarning: `sklearn.utils.parallel.delayed` should be used with `sklearn.utils.parallel.Parallel` to make it possible to propagate the scikit-learn configuration of the current thread to the joblib workers.
  warnings.warn(
/home/tonyhuh/miniconda3/envs/explaintab311/lib/python3.11/site-packages/sklearn/utils/parallel.py:144: UserWarning: `sklearn.utils.parallel.delayed` should be used with `sklearn.utils.parallel.Parallel` to make it possible to propagate the scikit-learn configuration of the current thread to the joblib workers.
  warnings.warn(
/home/tonyhuh/miniconda3/envs/explaintab311/lib/python3.11/site-packages/sklearn/utils/parallel.py:144: UserWarning: `sklearn.utils.parallel.delayed` should be used with `sklearn.utils.parallel.Parallel` to make it possible to propagate the scikit-learn configuration of the current thread to the joblib workers.
  warnings.warn(
/home/tonyhuh/miniconda3/envs/explaintab311/lib/python3.11/site-packages/sklearn/utils/parallel.py:144: UserWarning: `sklearn.utils.parallel.delayed` should be used with `sklearn.utils.parallel.Parallel` to make it possible to propagate the scikit-learn configuration of the current thread to the joblib workers.
  warnings.warn(
/home/tonyhuh/miniconda3/envs/explaintab311/lib/python3.11/site-packages/sklearn/utils/parallel.py:144: UserWarning: `sklearn.utils.parallel.delayed` should be used with `sklearn.utils.parallel.Parallel` to make it possible to propagate the scikit-learn configuration of the current thread to the joblib workers.
  warnings.warn(
/home/tonyhuh/miniconda3/envs/explaintab311/lib/python3.11/site-packages/sklearn/utils/parallel.py:144: UserWarning: `sklearn.utils.parallel.delayed` should be used with `sklearn.utils.parallel.Parallel` to make it possible to propagate the scikit-learn configuration of the current thread to the joblib workers.
  warnings.warn(
/home/tonyhuh/miniconda3/envs/explaintab311/lib/python3.11/site-packages/sklearn/utils/parallel.py:144: UserWarning: `sklearn.utils.parallel.delayed` should be used with `sklearn.utils.parallel.Parallel` to make it possible to propagate the scikit-learn configuration of the current thread to the joblib workers.
  warnings.warn(
/home/tonyhuh/miniconda3/envs/explaintab311/lib/python3.11/site-packages/sklearn/utils/parallel.py:144: UserWarning: `sklearn.utils.parallel.delayed` should be used with `sklearn.utils.parallel.Parallel` to make it possible to propagate the scikit-learn configuration of the current thread to the joblib workers.
  warnings.warn(
/home/tonyhuh/miniconda3/envs/explaintab311/lib/python3.11/site-packages/sklearn/utils/parallel.py:144: UserWarning: `sklearn.utils.parallel.delayed` should be used with `sklearn.utils.parallel.Parallel` to make it possible to propagate the scikit-learn configuration of the current thread to the joblib workers.
  warnings.warn(
/home/tonyhuh/miniconda3/envs/explaintab311/lib/python3.11/site-packages/sklearn/utils/parallel.py:144: UserWarning: `sklearn.utils.parallel.delayed` should be used with `sklearn.utils.parallel.Parallel` to make it possible to propagate the scikit-learn configuration of the current thread to the joblib workers.
  warnings.warn(
/home/tonyhuh/miniconda3/envs/explaintab311/lib/python3.11/site-packages/sklearn/utils/parallel.py:144: UserWarning: `sklearn.utils.parallel.delayed` should be used with `sklearn.utils.parallel.Parallel` to make it possible to propagate the scikit-learn configuration of the current thread to the joblib workers.
  warnings.warn(
/home/tonyhuh/miniconda3/envs/explaintab311/lib/python3.11/site-packages/sklearn/utils/parallel.py:144: UserWarning: `sklearn.utils.parallel.delayed` should be used with `sklearn.utils.parallel.Parallel` to make it possible to propagate the scikit-learn configuration of the current thread to the joblib workers.
  warnings.warn(
/home/tonyhuh/miniconda3/envs/explaintab311/lib/python3.11/site-packages/sklearn/utils/parallel.py:144: UserWarning: `sklearn.utils.parallel.delayed` should be used with `sklearn.utils.parallel.Parallel` to make it possible to propagate the scikit-learn configuration of the current thread to the joblib workers.
  warnings.warn(
/home/tonyhuh/miniconda3/envs/explaintab311/lib/python3.11/site-packages/sklearn/utils/parallel.py:144: UserWarning: `sklearn.utils.parallel.delayed` should be used with `sklearn.utils.parallel.Parallel` to make it possible to propagate the scikit-learn configuration of the current thread to the joblib workers.
  warnings.warn(
/home/tonyhuh/miniconda3/envs/explaintab311/lib/python3.11/site-packages/sklearn/utils/parallel.py:144: UserWarning: `sklearn.utils.parallel.delayed` should be used with `sklearn.utils.parallel.Parallel` to make it possible to propagate the scikit-learn configuration of the current thread to the joblib workers.
  warnings.warn(
/home/tonyhuh/miniconda3/envs/explaintab311/lib/python3.11/site-packages/sklearn/utils/parallel.py:144: UserWarning: `sklearn.utils.parallel.delayed` should be used with `sklearn.utils.parallel.Parallel` to make it possible to propagate the scikit-learn configuration of the current thread to the joblib workers.
  warnings.warn(
/home/tonyhuh/miniconda3/envs/explaintab311/lib/python3.11/site-packages/sklearn/utils/parallel.py:144: UserWarning: `sklearn.utils.parallel.delayed` should be used with `sklearn.utils.parallel.Parallel` to make it possible to propagate the scikit-learn configuration of the current thread to the joblib workers.
  warnings.warn(
/home/tonyhuh/miniconda3/envs/explaintab311/lib/python3.11/site-packages/sklearn/utils/parallel.py:144: UserWarning: `sklearn.utils.parallel.delayed` should be used with `sklearn.utils.parallel.Parallel` to make it possible to propagate the scikit-learn configuration of the current thread to the joblib workers.
  warnings.warn(
/home/tonyhuh/miniconda3/envs/explaintab311/lib/python3.11/site-packages/sklearn/utils/parallel.py:144: UserWarning: `sklearn.utils.parallel.delayed` should be used with `sklearn.utils.parallel.Parallel` to make it possible to propagate the scikit-learn configuration of the current thread to the joblib workers.
  warnings.warn(
/home/tonyhuh/miniconda3/envs/explaintab311/lib/python3.11/site-packages/sklearn/utils/parallel.py:144: UserWarning: `sklearn.utils.parallel.delayed` should be used with `sklearn.utils.parallel.Parallel` to make it possible to propagate the scikit-learn configuration of the current thread to the joblib workers.
  warnings.warn(
/home/tonyhuh/miniconda3/envs/explaintab311/lib/python3.11/site-packages/sklearn/utils/parallel.py:144: UserWarning: `sklearn.utils.parallel.delayed` should be used with `sklearn.utils.parallel.Parallel` to make it possible to propagate the scikit-learn configuration of the current thread to the joblib workers.
  warnings.warn(
/home/tonyhuh/miniconda3/envs/explaintab311/lib/python3.11/site-packages/sklearn/utils/parallel.py:144: UserWarning: `sklearn.utils.parallel.delayed` should be used with `sklearn.utils.parallel.Parallel` to make it possible to propagate the scikit-learn configuration of the current thread to the joblib workers.
  warnings.warn(
/home/tonyhuh/miniconda3/envs/explaintab311/lib/python3.11/site-packages/sklearn/utils/parallel.py:144: UserWarning: `sklearn.utils.parallel.delayed` should be used with `sklearn.utils.parallel.Parallel` to make it possible to propagate the scikit-learn configuration of the current thread to the joblib workers.
  warnings.warn(
/home/tonyhuh/miniconda3/envs/explaintab311/lib/python3.11/site-packages/sklearn/utils/parallel.py:144: UserWarning: `sklearn.utils.parallel.delayed` should be used with `sklearn.utils.parallel.Parallel` to make it possible to propagate the scikit-learn configuration of the current thread to the joblib workers.
  warnings.warn(
/home/tonyhuh/miniconda3/envs/explaintab311/lib/python3.11/site-packages/sklearn/utils/parallel.py:144: UserWarning: `sklearn.utils.parallel.delayed` should be used with `sklearn.utils.parallel.Parallel` to make it possible to propagate the scikit-learn configuration of the current thread to the joblib workers.
  warnings.warn(
/home/tonyhuh/miniconda3/envs/explaintab311/lib/python3.11/site-packages/sklearn/utils/parallel.py:144: UserWarning: `sklearn.utils.parallel.delayed` should be used with `sklearn.utils.parallel.Parallel` to make it possible to propagate the scikit-learn configuration of the current thread to the joblib workers.
  warnings.warn(
/home/tonyhuh/miniconda3/envs/explaintab311/lib/python3.11/site-packages/sklearn/utils/parallel.py:144: UserWarning: `sklearn.utils.parallel.delayed` should be used with `sklearn.utils.parallel.Parallel` to make it possible to propagate the scikit-learn configuration of the current thread to the joblib workers.
  warnings.warn(
/home/tonyhuh/miniconda3/envs/explaintab311/lib/python3.11/site-packages/sklearn/utils/parallel.py:144: UserWarning: `sklearn.utils.parallel.delayed` should be used with `sklearn.utils.parallel.Parallel` to make it possible to propagate the scikit-learn configuration of the current thread to the joblib workers.
  warnings.warn(
/home/tonyhuh/miniconda3/envs/explaintab311/lib/python3.11/site-packages/sklearn/utils/parallel.py:144: UserWarning: `sklearn.utils.parallel.delayed` should be used with `sklearn.utils.parallel.Parallel` to make it possible to propagate the scikit-learn configuration of the current thread to the joblib workers.
  warnings.warn(
/home/tonyhuh/miniconda3/envs/explaintab311/lib/python3.11/site-packages/sklearn/utils/parallel.py:144: UserWarning: `sklearn.utils.parallel.delayed` should be used with `sklearn.utils.parallel.Parallel` to make it possible to propagate the scikit-learn configuration of the current thread to the joblib workers.
  warnings.warn(
/home/tonyhuh/miniconda3/envs/explaintab311/lib/python3.11/site-packages/sklearn/utils/parallel.py:144: UserWarning: `sklearn.utils.parallel.delayed` should be used with `sklearn.utils.parallel.Parallel` to make it possible to propagate the scikit-learn configuration of the current thread to the joblib workers.
  warnings.warn(
/home/tonyhuh/miniconda3/envs/explaintab311/lib/python3.11/site-packages/sklearn/utils/parallel.py:144: UserWarning: `sklearn.utils.parallel.delayed` should be used with `sklearn.utils.parallel.Parallel` to make it possible to propagate the scikit-learn configuration of the current thread to the joblib workers.
  warnings.warn(
/home/tonyhuh/miniconda3/envs/explaintab311/lib/python3.11/site-packages/sklearn/utils/parallel.py:144: UserWarning: `sklearn.utils.parallel.delayed` should be used with `sklearn.utils.parallel.Parallel` to make it possible to propagate the scikit-learn configuration of the current thread to the joblib workers.
  warnings.warn(
/home/tonyhuh/miniconda3/envs/explaintab311/lib/python3.11/site-packages/sklearn/utils/parallel.py:144: UserWarning: `sklearn.utils.parallel.delayed` should be used with `sklearn.utils.parallel.Parallel` to make it possible to propagate the scikit-learn configuration of the current thread to the joblib workers.
  warnings.warn(
/home/tonyhuh/miniconda3/envs/explaintab311/lib/python3.11/site-packages/sklearn/utils/parallel.py:144: UserWarning: `sklearn.utils.parallel.delayed` should be used with `sklearn.utils.parallel.Parallel` to make it possible to propagate the scikit-learn configuration of the current thread to the joblib workers.
  warnings.warn(
/home/tonyhuh/miniconda3/envs/explaintab311/lib/python3.11/site-packages/sklearn/utils/parallel.py:144: UserWarning: `sklearn.utils.parallel.delayed` should be used with `sklearn.utils.parallel.Parallel` to make it possible to propagate the scikit-learn configuration of the current thread to the joblib workers.
  warnings.warn(
/home/tonyhuh/miniconda3/envs/explaintab311/lib/python3.11/site-packages/sklearn/utils/parallel.py:144: UserWarning: `sklearn.utils.parallel.delayed` should be used with `sklearn.utils.parallel.Parallel` to make it possible to propagate the scikit-learn configuration of the current thread to the joblib workers.
  warnings.warn(
/home/tonyhuh/miniconda3/envs/explaintab311/lib/python3.11/site-packages/sklearn/utils/parallel.py:144: UserWarning: `sklearn.utils.parallel.delayed` should be used with `sklearn.utils.parallel.Parallel` to make it possible to propagate the scikit-learn configuration of the current thread to the joblib workers.
  warnings.warn(
/home/tonyhuh/miniconda3/envs/explaintab311/lib/python3.11/site-packages/sklearn/utils/parallel.py:144: UserWarning: `sklearn.utils.parallel.delayed` should be used with `sklearn.utils.parallel.Parallel` to make it possible to propagate the scikit-learn configuration of the current thread to the joblib workers.
  warnings.warn(
/home/tonyhuh/miniconda3/envs/explaintab311/lib/python3.11/site-packages/sklearn/utils/parallel.py:144: UserWarning: `sklearn.utils.parallel.delayed` should be used with `sklearn.utils.parallel.Parallel` to make it possible to propagate the scikit-learn configuration of the current thread to the joblib workers.
  warnings.warn(
/home/tonyhuh/miniconda3/envs/explaintab311/lib/python3.11/site-packages/sklearn/utils/parallel.py:144: UserWarning: `sklearn.utils.parallel.delayed` should be used with `sklearn.utils.parallel.Parallel` to make it possible to propagate the scikit-learn configuration of the current thread to the joblib workers.
  warnings.warn(
/home/tonyhuh/miniconda3/envs/explaintab311/lib/python3.11/site-packages/sklearn/utils/parallel.py:144: UserWarning: `sklearn.utils.parallel.delayed` should be used with `sklearn.utils.parallel.Parallel` to make it possible to propagate the scikit-learn configuration of the current thread to the joblib workers.
  warnings.warn(
/home/tonyhuh/miniconda3/envs/explaintab311/lib/python3.11/site-packages/sklearn/utils/parallel.py:144: UserWarning: `sklearn.utils.parallel.delayed` should be used with `sklearn.utils.parallel.Parallel` to make it possible to propagate the scikit-learn configuration of the current thread to the joblib workers.
  warnings.warn(
/home/tonyhuh/miniconda3/envs/explaintab311/lib/python3.11/site-packages/sklearn/utils/parallel.py:144: UserWarning: `sklearn.utils.parallel.delayed` should be used with `sklearn.utils.parallel.Parallel` to make it possible to propagate the scikit-learn configuration of the current thread to the joblib workers.
  warnings.warn(
/home/tonyhuh/miniconda3/envs/explaintab311/lib/python3.11/site-packages/sklearn/utils/parallel.py:144: UserWarning: `sklearn.utils.parallel.delayed` should be used with `sklearn.utils.parallel.Parallel` to make it possible to propagate the scikit-learn configuration of the current thread to the joblib workers.
  warnings.warn(
/home/tonyhuh/miniconda3/envs/explaintab311/lib/python3.11/site-packages/sklearn/utils/parallel.py:144: UserWarning: `sklearn.utils.parallel.delayed` should be used with `sklearn.utils.parallel.Parallel` to make it possible to propagate the scikit-learn configuration of the current thread to the joblib workers.
  warnings.warn(
/home/tonyhuh/miniconda3/envs/explaintab311/lib/python3.11/site-packages/sklearn/utils/parallel.py:144: UserWarning: `sklearn.utils.parallel.delayed` should be used with `sklearn.utils.parallel.Parallel` to make it possible to propagate the scikit-learn configuration of the current thread to the joblib workers.
  warnings.warn(
/home/tonyhuh/miniconda3/envs/explaintab311/lib/python3.11/site-packages/sklearn/utils/parallel.py:144: UserWarning: `sklearn.utils.parallel.delayed` should be used with `sklearn.utils.parallel.Parallel` to make it possible to propagate the scikit-learn configuration of the current thread to the joblib workers.
  warnings.warn(
/home/tonyhuh/miniconda3/envs/explaintab311/lib/python3.11/site-packages/sklearn/utils/parallel.py:144: UserWarning: `sklearn.utils.parallel.delayed` should be used with `sklearn.utils.parallel.Parallel` to make it possible to propagate the scikit-learn configuration of the current thread to the joblib workers.
  warnings.warn(
/home/tonyhuh/miniconda3/envs/explaintab311/lib/python3.11/site-packages/sklearn/utils/parallel.py:144: UserWarning: `sklearn.utils.parallel.delayed` should be used with `sklearn.utils.parallel.Parallel` to make it possible to propagate the scikit-learn configuration of the current thread to the joblib workers.
  warnings.warn(
/home/tonyhuh/miniconda3/envs/explaintab311/lib/python3.11/site-packages/sklearn/utils/parallel.py:144: UserWarning: `sklearn.utils.parallel.delayed` should be used with `sklearn.utils.parallel.Parallel` to make it possible to propagate the scikit-learn configuration of the current thread to the joblib workers.
  warnings.warn(
/home/tonyhuh/miniconda3/envs/explaintab311/lib/python3.11/site-packages/sklearn/utils/parallel.py:144: UserWarning: `sklearn.utils.parallel.delayed` should be used with `sklearn.utils.parallel.Parallel` to make it possible to propagate the scikit-learn configuration of the current thread to the joblib workers.
  warnings.warn(
/home/tonyhuh/miniconda3/envs/explaintab311/lib/python3.11/site-packages/sklearn/utils/parallel.py:144: UserWarning: `sklearn.utils.parallel.delayed` should be used with `sklearn.utils.parallel.Parallel` to make it possible to propagate the scikit-learn configuration of the current thread to the joblib workers.
  warnings.warn(
/home/tonyhuh/miniconda3/envs/explaintab311/lib/python3.11/site-packages/sklearn/utils/parallel.py:144: UserWarning: `sklearn.utils.parallel.delayed` should be used with `sklearn.utils.parallel.Parallel` to make it possible to propagate the scikit-learn configuration of the current thread to the joblib workers.
  warnings.warn(
/home/tonyhuh/miniconda3/envs/explaintab311/lib/python3.11/site-packages/sklearn/utils/parallel.py:144: UserWarning: `sklearn.utils.parallel.delayed` should be used with `sklearn.utils.parallel.Parallel` to make it possible to propagate the scikit-learn configuration of the current thread to the joblib workers.
  warnings.warn(
/home/tonyhuh/miniconda3/envs/explaintab311/lib/python3.11/site-packages/sklearn/utils/parallel.py:144: UserWarning: `sklearn.utils.parallel.delayed` should be used with `sklearn.utils.parallel.Parallel` to make it possible to propagate the scikit-learn configuration of the current thread to the joblib workers.
  warnings.warn(
/home/tonyhuh/miniconda3/envs/explaintab311/lib/python3.11/site-packages/sklearn/utils/parallel.py:144: UserWarning: `sklearn.utils.parallel.delayed` should be used with `sklearn.utils.parallel.Parallel` to make it possible to propagate the scikit-learn configuration of the current thread to the joblib workers.
  warnings.warn(
/home/tonyhuh/miniconda3/envs/explaintab311/lib/python3.11/site-packages/sklearn/utils/parallel.py:144: UserWarning: `sklearn.utils.parallel.delayed` should be used with `sklearn.utils.parallel.Parallel` to make it possible to propagate the scikit-learn configuration of the current thread to the joblib workers.
  warnings.warn(
/home/tonyhuh/miniconda3/envs/explaintab311/lib/python3.11/site-packages/sklearn/utils/parallel.py:144: UserWarning: `sklearn.utils.parallel.delayed` should be used with `sklearn.utils.parallel.Parallel` to make it possible to propagate the scikit-learn configuration of the current thread to the joblib workers.
  warnings.warn(
/home/tonyhuh/miniconda3/envs/explaintab311/lib/python3.11/site-packages/sklearn/utils/parallel.py:144: UserWarning: `sklearn.utils.parallel.delayed` should be used with `sklearn.utils.parallel.Parallel` to make it possible to propagate the scikit-learn configuration of the current thread to the joblib workers.
  warnings.warn(
/home/tonyhuh/miniconda3/envs/explaintab311/lib/python3.11/site-packages/sklearn/utils/parallel.py:144: UserWarning: `sklearn.utils.parallel.delayed` should be used with `sklearn.utils.parallel.Parallel` to make it possible to propagate the scikit-learn configuration of the current thread to the joblib workers.
  warnings.warn(
/home/tonyhuh/miniconda3/envs/explaintab311/lib/python3.11/site-packages/sklearn/utils/parallel.py:144: UserWarning: `sklearn.utils.parallel.delayed` should be used with `sklearn.utils.parallel.Parallel` to make it possible to propagate the scikit-learn configuration of the current thread to the joblib workers.
  warnings.warn(
/home/tonyhuh/miniconda3/envs/explaintab311/lib/python3.11/site-packages/sklearn/utils/parallel.py:144: UserWarning: `sklearn.utils.parallel.delayed` should be used with `sklearn.utils.parallel.Parallel` to make it possible to propagate the scikit-learn configuration of the current thread to the joblib workers.
  warnings.warn(
/home/tonyhuh/miniconda3/envs/explaintab311/lib/python3.11/site-packages/sklearn/utils/parallel.py:144: UserWarning: `sklearn.utils.parallel.delayed` should be used with `sklearn.utils.parallel.Parallel` to make it possible to propagate the scikit-learn configuration of the current thread to the joblib workers.
  warnings.warn(
/home/tonyhuh/miniconda3/envs/explaintab311/lib/python3.11/site-packages/sklearn/utils/parallel.py:144: UserWarning: `sklearn.utils.parallel.delayed` should be used with `sklearn.utils.parallel.Parallel` to make it possible to propagate the scikit-learn configuration of the current thread to the joblib workers.
  warnings.warn(
/home/tonyhuh/miniconda3/envs/explaintab311/lib/python3.11/site-packages/sklearn/utils/parallel.py:144: UserWarning: `sklearn.utils.parallel.delayed` should be used with `sklearn.utils.parallel.Parallel` to make it possible to propagate the scikit-learn configuration of the current thread to the joblib workers.
  warnings.warn(
/home/tonyhuh/miniconda3/envs/explaintab311/lib/python3.11/site-packages/sklearn/utils/parallel.py:144: UserWarning: `sklearn.utils.parallel.delayed` should be used with `sklearn.utils.parallel.Parallel` to make it possible to propagate the scikit-learn configuration of the current thread to the joblib workers.
  warnings.warn(
/home/tonyhuh/miniconda3/envs/explaintab311/lib/python3.11/site-packages/sklearn/utils/parallel.py:144: UserWarning: `sklearn.utils.parallel.delayed` should be used with `sklearn.utils.parallel.Parallel` to make it possible to propagate the scikit-learn configuration of the current thread to the joblib workers.
  warnings.warn(
/home/tonyhuh/miniconda3/envs/explaintab311/lib/python3.11/site-packages/sklearn/utils/parallel.py:144: UserWarning: `sklearn.utils.parallel.delayed` should be used with `sklearn.utils.parallel.Parallel` to make it possible to propagate the scikit-learn configuration of the current thread to the joblib workers.
  warnings.warn(
/home/tonyhuh/miniconda3/envs/explaintab311/lib/python3.11/site-packages/sklearn/utils/parallel.py:144: UserWarning: `sklearn.utils.parallel.delayed` should be used with `sklearn.utils.parallel.Parallel` to make it possible to propagate the scikit-learn configuration of the current thread to the joblib workers.
  warnings.warn(
/home/tonyhuh/miniconda3/envs/explaintab311/lib/python3.11/site-packages/sklearn/utils/parallel.py:144: UserWarning: `sklearn.utils.parallel.delayed` should be used with `sklearn.utils.parallel.Parallel` to make it possible to propagate the scikit-learn configuration of the current thread to the joblib workers.
  warnings.warn(
/home/tonyhuh/miniconda3/envs/explaintab311/lib/python3.11/site-packages/sklearn/utils/parallel.py:144: UserWarning: `sklearn.utils.parallel.delayed` should be used with `sklearn.utils.parallel.Parallel` to make it possible to propagate the scikit-learn configuration of the current thread to the joblib workers.
  warnings.warn(
/home/tonyhuh/miniconda3/envs/explaintab311/lib/python3.11/site-packages/sklearn/utils/parallel.py:144: UserWarning: `sklearn.utils.parallel.delayed` should be used with `sklearn.utils.parallel.Parallel` to make it possible to propagate the scikit-learn configuration of the current thread to the joblib workers.
  warnings.warn(
/home/tonyhuh/miniconda3/envs/explaintab311/lib/python3.11/site-packages/sklearn/utils/parallel.py:144: UserWarning: `sklearn.utils.parallel.delayed` should be used with `sklearn.utils.parallel.Parallel` to make it possible to propagate the scikit-learn configuration of the current thread to the joblib workers.
  warnings.warn(
/home/tonyhuh/miniconda3/envs/explaintab311/lib/python3.11/site-packages/sklearn/utils/parallel.py:144: UserWarning: `sklearn.utils.parallel.delayed` should be used with `sklearn.utils.parallel.Parallel` to make it possible to propagate the scikit-learn configuration of the current thread to the joblib workers.
  warnings.warn(
/home/tonyhuh/miniconda3/envs/explaintab311/lib/python3.11/site-packages/sklearn/utils/parallel.py:144: UserWarning: `sklearn.utils.parallel.delayed` should be used with `sklearn.utils.parallel.Parallel` to make it possible to propagate the scikit-learn configuration of the current thread to the joblib workers.
  warnings.warn(
/home/tonyhuh/miniconda3/envs/explaintab311/lib/python3.11/site-packages/sklearn/utils/parallel.py:144: UserWarning: `sklearn.utils.parallel.delayed` should be used with `sklearn.utils.parallel.Parallel` to make it possible to propagate the scikit-learn configuration of the current thread to the joblib workers.
  warnings.warn(
/home/tonyhuh/miniconda3/envs/explaintab311/lib/python3.11/site-packages/sklearn/utils/parallel.py:144: UserWarning: `sklearn.utils.parallel.delayed` should be used with `sklearn.utils.parallel.Parallel` to make it possible to propagate the scikit-learn configuration of the current thread to the joblib workers.
  warnings.warn(
/home/tonyhuh/miniconda3/envs/explaintab311/lib/python3.11/site-packages/sklearn/utils/parallel.py:144: UserWarning: `sklearn.utils.parallel.delayed` should be used with `sklearn.utils.parallel.Parallel` to make it possible to propagate the scikit-learn configuration of the current thread to the joblib workers.
  warnings.warn(
/home/tonyhuh/miniconda3/envs/explaintab311/lib/python3.11/site-packages/sklearn/utils/parallel.py:144: UserWarning: `sklearn.utils.parallel.delayed` should be used with `sklearn.utils.parallel.Parallel` to make it possible to propagate the scikit-learn configuration of the current thread to the joblib workers.
  warnings.warn(
/home/tonyhuh/miniconda3/envs/explaintab311/lib/python3.11/site-packages/sklearn/utils/parallel.py:144: UserWarning: `sklearn.utils.parallel.delayed` should be used with `sklearn.utils.parallel.Parallel` to make it possible to propagate the scikit-learn configuration of the current thread to the joblib workers.
  warnings.warn(
/home/tonyhuh/miniconda3/envs/explaintab311/lib/python3.11/site-packages/sklearn/utils/parallel.py:144: UserWarning: `sklearn.utils.parallel.delayed` should be used with `sklearn.utils.parallel.Parallel` to make it possible to propagate the scikit-learn configuration of the current thread to the joblib workers.
  warnings.warn(
/home/tonyhuh/miniconda3/envs/explaintab311/lib/python3.11/site-packages/sklearn/utils/parallel.py:144: UserWarning: `sklearn.utils.parallel.delayed` should be used with `sklearn.utils.parallel.Parallel` to make it possible to propagate the scikit-learn configuration of the current thread to the joblib workers.
  warnings.warn(
/home/tonyhuh/miniconda3/envs/explaintab311/lib/python3.11/site-packages/sklearn/utils/parallel.py:144: UserWarning: `sklearn.utils.parallel.delayed` should be used with `sklearn.utils.parallel.Parallel` to make it possible to propagate the scikit-learn configuration of the current thread to the joblib workers.
  warnings.warn(
/home/tonyhuh/miniconda3/envs/explaintab311/lib/python3.11/site-packages/sklearn/utils/parallel.py:144: UserWarning: `sklearn.utils.parallel.delayed` should be used with `sklearn.utils.parallel.Parallel` to make it possible to propagate the scikit-learn configuration of the current thread to the joblib workers.
  warnings.warn(
/home/tonyhuh/miniconda3/envs/explaintab311/lib/python3.11/site-packages/sklearn/utils/parallel.py:144: UserWarning: `sklearn.utils.parallel.delayed` should be used with `sklearn.utils.parallel.Parallel` to make it possible to propagate the scikit-learn configuration of the current thread to the joblib workers.
  warnings.warn(
/home/tonyhuh/miniconda3/envs/explaintab311/lib/python3.11/site-packages/sklearn/utils/parallel.py:144: UserWarning: `sklearn.utils.parallel.delayed` should be used with `sklearn.utils.parallel.Parallel` to make it possible to propagate the scikit-learn configuration of the current thread to the joblib workers.
  warnings.warn(
/home/tonyhuh/miniconda3/envs/explaintab311/lib/python3.11/site-packages/sklearn/utils/parallel.py:144: UserWarning: `sklearn.utils.parallel.delayed` should be used with `sklearn.utils.parallel.Parallel` to make it possible to propagate the scikit-learn configuration of the current thread to the joblib workers.
  warnings.warn(
/home/tonyhuh/miniconda3/envs/explaintab311/lib/python3.11/site-packages/sklearn/utils/parallel.py:144: UserWarning: `sklearn.utils.parallel.delayed` should be used with `sklearn.utils.parallel.Parallel` to make it possible to propagate the scikit-learn configuration of the current thread to the joblib workers.
  warnings.warn(
/home/tonyhuh/miniconda3/envs/explaintab311/lib/python3.11/site-packages/sklearn/utils/parallel.py:144: UserWarning: `sklearn.utils.parallel.delayed` should be used with `sklearn.utils.parallel.Parallel` to make it possible to propagate the scikit-learn configuration of the current thread to the joblib workers.
  warnings.warn(
/home/tonyhuh/miniconda3/envs/explaintab311/lib/python3.11/site-packages/sklearn/utils/parallel.py:144: UserWarning: `sklearn.utils.parallel.delayed` should be used with `sklearn.utils.parallel.Parallel` to make it possible to propagate the scikit-learn configuration of the current thread to the joblib workers.
  warnings.warn(
/home/tonyhuh/miniconda3/envs/explaintab311/lib/python3.11/site-packages/sklearn/utils/parallel.py:144: UserWarning: `sklearn.utils.parallel.delayed` should be used with `sklearn.utils.parallel.Parallel` to make it possible to propagate the scikit-learn configuration of the current thread to the joblib workers.
  warnings.warn(
/home/tonyhuh/miniconda3/envs/explaintab311/lib/python3.11/site-packages/sklearn/utils/parallel.py:144: UserWarning: `sklearn.utils.parallel.delayed` should be used with `sklearn.utils.parallel.Parallel` to make it possible to propagate the scikit-learn configuration of the current thread to the joblib workers.
  warnings.warn(
/home/tonyhuh/miniconda3/envs/explaintab311/lib/python3.11/site-packages/sklearn/utils/parallel.py:144: UserWarning: `sklearn.utils.parallel.delayed` should be used with `sklearn.utils.parallel.Parallel` to make it possible to propagate the scikit-learn configuration of the current thread to the joblib workers.
  warnings.warn(
/home/tonyhuh/miniconda3/envs/explaintab311/lib/python3.11/site-packages/sklearn/utils/parallel.py:144: UserWarning: `sklearn.utils.parallel.delayed` should be used with `sklearn.utils.parallel.Parallel` to make it possible to propagate the scikit-learn configuration of the current thread to the joblib workers.
  warnings.warn(
/home/tonyhuh/miniconda3/envs/explaintab311/lib/python3.11/site-packages/sklearn/utils/parallel.py:144: UserWarning: `sklearn.utils.parallel.delayed` should be used with `sklearn.utils.parallel.Parallel` to make it possible to propagate the scikit-learn configuration of the current thread to the joblib workers.
  warnings.warn(
/home/tonyhuh/miniconda3/envs/explaintab311/lib/python3.11/site-packages/sklearn/utils/parallel.py:144: UserWarning: `sklearn.utils.parallel.delayed` should be used with `sklearn.utils.parallel.Parallel` to make it possible to propagate the scikit-learn configuration of the current thread to the joblib workers.
  warnings.warn(
/home/tonyhuh/miniconda3/envs/explaintab311/lib/python3.11/site-packages/sklearn/utils/parallel.py:144: UserWarning: `sklearn.utils.parallel.delayed` should be used with `sklearn.utils.parallel.Parallel` to make it possible to propagate the scikit-learn configuration of the current thread to the joblib workers.
  warnings.warn(
/home/tonyhuh/miniconda3/envs/explaintab311/lib/python3.11/site-packages/sklearn/utils/parallel.py:144: UserWarning: `sklearn.utils.parallel.delayed` should be used with `sklearn.utils.parallel.Parallel` to make it possible to propagate the scikit-learn configuration of the current thread to the joblib workers.
  warnings.warn(
/home/tonyhuh/miniconda3/envs/explaintab311/lib/python3.11/site-packages/sklearn/utils/parallel.py:144: UserWarning: `sklearn.utils.parallel.delayed` should be used with `sklearn.utils.parallel.Parallel` to make it possible to propagate the scikit-learn configuration of the current thread to the joblib workers.
  warnings.warn(
/home/tonyhuh/miniconda3/envs/explaintab311/lib/python3.11/site-packages/sklearn/utils/parallel.py:144: UserWarning: `sklearn.utils.parallel.delayed` should be used with `sklearn.utils.parallel.Parallel` to make it possible to propagate the scikit-learn configuration of the current thread to the joblib workers.
  warnings.warn(
/home/tonyhuh/miniconda3/envs/explaintab311/lib/python3.11/site-packages/sklearn/utils/parallel.py:144: UserWarning: `sklearn.utils.parallel.delayed` should be used with `sklearn.utils.parallel.Parallel` to make it possible to propagate the scikit-learn configuration of the current thread to the joblib workers.
  warnings.warn(
/home/tonyhuh/miniconda3/envs/explaintab311/lib/python3.11/site-packages/sklearn/utils/parallel.py:144: UserWarning: `sklearn.utils.parallel.delayed` should be used with `sklearn.utils.parallel.Parallel` to make it possible to propagate the scikit-learn configuration of the current thread to the joblib workers.
  warnings.warn(
/home/tonyhuh/miniconda3/envs/explaintab311/lib/python3.11/site-packages/sklearn/utils/parallel.py:144: UserWarning: `sklearn.utils.parallel.delayed` should be used with `sklearn.utils.parallel.Parallel` to make it possible to propagate the scikit-learn configuration of the current thread to the joblib workers.
  warnings.warn(
/home/tonyhuh/miniconda3/envs/explaintab311/lib/python3.11/site-packages/sklearn/utils/parallel.py:144: UserWarning: `sklearn.utils.parallel.delayed` should be used with `sklearn.utils.parallel.Parallel` to make it possible to propagate the scikit-learn configuration of the current thread to the joblib workers.
  warnings.warn(
/home/tonyhuh/miniconda3/envs/explaintab311/lib/python3.11/site-packages/sklearn/utils/parallel.py:144: UserWarning: `sklearn.utils.parallel.delayed` should be used with `sklearn.utils.parallel.Parallel` to make it possible to propagate the scikit-learn configuration of the current thread to the joblib workers.
  warnings.warn(
/home/tonyhuh/miniconda3/envs/explaintab311/lib/python3.11/site-packages/sklearn/utils/parallel.py:144: UserWarning: `sklearn.utils.parallel.delayed` should be used with `sklearn.utils.parallel.Parallel` to make it possible to propagate the scikit-learn configuration of the current thread to the joblib workers.
  warnings.warn(
/home/tonyhuh/miniconda3/envs/explaintab311/lib/python3.11/site-packages/sklearn/utils/parallel.py:144: UserWarning: `sklearn.utils.parallel.delayed` should be used with `sklearn.utils.parallel.Parallel` to make it possible to propagate the scikit-learn configuration of the current thread to the joblib workers.
  warnings.warn(
/home/tonyhuh/miniconda3/envs/explaintab311/lib/python3.11/site-packages/sklearn/utils/parallel.py:144: UserWarning: `sklearn.utils.parallel.delayed` should be used with `sklearn.utils.parallel.Parallel` to make it possible to propagate the scikit-learn configuration of the current thread to the joblib workers.
  warnings.warn(
/home/tonyhuh/miniconda3/envs/explaintab311/lib/python3.11/site-packages/sklearn/utils/parallel.py:144: UserWarning: `sklearn.utils.parallel.delayed` should be used with `sklearn.utils.parallel.Parallel` to make it possible to propagate the scikit-learn configuration of the current thread to the joblib workers.
  warnings.warn(
/home/tonyhuh/miniconda3/envs/explaintab311/lib/python3.11/site-packages/sklearn/utils/parallel.py:144: UserWarning: `sklearn.utils.parallel.delayed` should be used with `sklearn.utils.parallel.Parallel` to make it possible to propagate the scikit-learn configuration of the current thread to the joblib workers.
  warnings.warn(
/home/tonyhuh/miniconda3/envs/explaintab311/lib/python3.11/site-packages/sklearn/utils/parallel.py:144: UserWarning: `sklearn.utils.parallel.delayed` should be used with `sklearn.utils.parallel.Parallel` to make it possible to propagate the scikit-learn configuration of the current thread to the joblib workers.
  warnings.warn(
/home/tonyhuh/miniconda3/envs/explaintab311/lib/python3.11/site-packages/sklearn/utils/parallel.py:144: UserWarning: `sklearn.utils.parallel.delayed` should be used with `sklearn.utils.parallel.Parallel` to make it possible to propagate the scikit-learn configuration of the current thread to the joblib workers.
  warnings.warn(
/home/tonyhuh/miniconda3/envs/explaintab311/lib/python3.11/site-packages/sklearn/utils/parallel.py:144: UserWarning: `sklearn.utils.parallel.delayed` should be used with `sklearn.utils.parallel.Parallel` to make it possible to propagate the scikit-learn configuration of the current thread to the joblib workers.
  warnings.warn(
/home/tonyhuh/miniconda3/envs/explaintab311/lib/python3.11/site-packages/sklearn/utils/parallel.py:144: UserWarning: `sklearn.utils.parallel.delayed` should be used with `sklearn.utils.parallel.Parallel` to make it possible to propagate the scikit-learn configuration of the current thread to the joblib workers.
  warnings.warn(
/home/tonyhuh/miniconda3/envs/explaintab311/lib/python3.11/site-packages/sklearn/utils/parallel.py:144: UserWarning: `sklearn.utils.parallel.delayed` should be used with `sklearn.utils.parallel.Parallel` to make it possible to propagate the scikit-learn configuration of the current thread to the joblib workers.
  warnings.warn(
/home/tonyhuh/miniconda3/envs/explaintab311/lib/python3.11/site-packages/sklearn/utils/parallel.py:144: UserWarning: `sklearn.utils.parallel.delayed` should be used with `sklearn.utils.parallel.Parallel` to make it possible to propagate the scikit-learn configuration of the current thread to the joblib workers.
  warnings.warn(
/home/tonyhuh/miniconda3/envs/explaintab311/lib/python3.11/site-packages/sklearn/utils/parallel.py:144: UserWarning: `sklearn.utils.parallel.delayed` should be used with `sklearn.utils.parallel.Parallel` to make it possible to propagate the scikit-learn configuration of the current thread to the joblib workers.
  warnings.warn(
/home/tonyhuh/miniconda3/envs/explaintab311/lib/python3.11/site-packages/sklearn/utils/parallel.py:144: UserWarning: `sklearn.utils.parallel.delayed` should be used with `sklearn.utils.parallel.Parallel` to make it possible to propagate the scikit-learn configuration of the current thread to the joblib workers.
  warnings.warn(
/home/tonyhuh/miniconda3/envs/explaintab311/lib/python3.11/site-packages/sklearn/utils/parallel.py:144: UserWarning: `sklearn.utils.parallel.delayed` should be used with `sklearn.utils.parallel.Parallel` to make it possible to propagate the scikit-learn configuration of the current thread to the joblib workers.
  warnings.warn(
/home/tonyhuh/miniconda3/envs/explaintab311/lib/python3.11/site-packages/sklearn/utils/parallel.py:144: UserWarning: `sklearn.utils.parallel.delayed` should be used with `sklearn.utils.parallel.Parallel` to make it possible to propagate the scikit-learn configuration of the current thread to the joblib workers.
  warnings.warn(
/home/tonyhuh/miniconda3/envs/explaintab311/lib/python3.11/site-packages/sklearn/utils/parallel.py:144: UserWarning: `sklearn.utils.parallel.delayed` should be used with `sklearn.utils.parallel.Parallel` to make it possible to propagate the scikit-learn configuration of the current thread to the joblib workers.
  warnings.warn(
/home/tonyhuh/miniconda3/envs/explaintab311/lib/python3.11/site-packages/sklearn/utils/parallel.py:144: UserWarning: `sklearn.utils.parallel.delayed` should be used with `sklearn.utils.parallel.Parallel` to make it possible to propagate the scikit-learn configuration of the current thread to the joblib workers.
  warnings.warn(
/home/tonyhuh/miniconda3/envs/explaintab311/lib/python3.11/site-packages/sklearn/utils/parallel.py:144: UserWarning: `sklearn.utils.parallel.delayed` should be used with `sklearn.utils.parallel.Parallel` to make it possible to propagate the scikit-learn configuration of the current thread to the joblib workers.
  warnings.warn(
/home/tonyhuh/miniconda3/envs/explaintab311/lib/python3.11/site-packages/sklearn/utils/parallel.py:144: UserWarning: `sklearn.utils.parallel.delayed` should be used with `sklearn.utils.parallel.Parallel` to make it possible to propagate the scikit-learn configuration of the current thread to the joblib workers.
  warnings.warn(
/home/tonyhuh/miniconda3/envs/explaintab311/lib/python3.11/site-packages/sklearn/utils/parallel.py:144: UserWarning: `sklearn.utils.parallel.delayed` should be used with `sklearn.utils.parallel.Parallel` to make it possible to propagate the scikit-learn configuration of the current thread to the joblib workers.
  warnings.warn(
/home/tonyhuh/miniconda3/envs/explaintab311/lib/python3.11/site-packages/sklearn/utils/parallel.py:144: UserWarning: `sklearn.utils.parallel.delayed` should be used with `sklearn.utils.parallel.Parallel` to make it possible to propagate the scikit-learn configuration of the current thread to the joblib workers.
  warnings.warn(
/home/tonyhuh/miniconda3/envs/explaintab311/lib/python3.11/site-packages/sklearn/utils/parallel.py:144: UserWarning: `sklearn.utils.parallel.delayed` should be used with `sklearn.utils.parallel.Parallel` to make it possible to propagate the scikit-learn configuration of the current thread to the joblib workers.
  warnings.warn(
/home/tonyhuh/miniconda3/envs/explaintab311/lib/python3.11/site-packages/sklearn/utils/parallel.py:144: UserWarning: `sklearn.utils.parallel.delayed` should be used with `sklearn.utils.parallel.Parallel` to make it possible to propagate the scikit-learn configuration of the current thread to the joblib workers.
  warnings.warn(
/home/tonyhuh/miniconda3/envs/explaintab311/lib/python3.11/site-packages/sklearn/utils/parallel.py:144: UserWarning: `sklearn.utils.parallel.delayed` should be used with `sklearn.utils.parallel.Parallel` to make it possible to propagate the scikit-learn configuration of the current thread to the joblib workers.
  warnings.warn(
/home/tonyhuh/miniconda3/envs/explaintab311/lib/python3.11/site-packages/sklearn/utils/parallel.py:144: UserWarning: `sklearn.utils.parallel.delayed` should be used with `sklearn.utils.parallel.Parallel` to make it possible to propagate the scikit-learn configuration of the current thread to the joblib workers.
  warnings.warn(
/home/tonyhuh/miniconda3/envs/explaintab311/lib/python3.11/site-packages/sklearn/utils/parallel.py:144: UserWarning: `sklearn.utils.parallel.delayed` should be used with `sklearn.utils.parallel.Parallel` to make it possible to propagate the scikit-learn configuration of the current thread to the joblib workers.
  warnings.warn(
/home/tonyhuh/miniconda3/envs/explaintab311/lib/python3.11/site-packages/sklearn/utils/parallel.py:144: UserWarning: `sklearn.utils.parallel.delayed` should be used with `sklearn.utils.parallel.Parallel` to make it possible to propagate the scikit-learn configuration of the current thread to the joblib workers.
  warnings.warn(
/home/tonyhuh/miniconda3/envs/explaintab311/lib/python3.11/site-packages/sklearn/utils/parallel.py:144: UserWarning: `sklearn.utils.parallel.delayed` should be used with `sklearn.utils.parallel.Parallel` to make it possible to propagate the scikit-learn configuration of the current thread to the joblib workers.
  warnings.warn(
/home/tonyhuh/miniconda3/envs/explaintab311/lib/python3.11/site-packages/sklearn/utils/parallel.py:144: UserWarning: `sklearn.utils.parallel.delayed` should be used with `sklearn.utils.parallel.Parallel` to make it possible to propagate the scikit-learn configuration of the current thread to the joblib workers.
  warnings.warn(
/home/tonyhuh/miniconda3/envs/explaintab311/lib/python3.11/site-packages/sklearn/utils/parallel.py:144: UserWarning: `sklearn.utils.parallel.delayed` should be used with `sklearn.utils.parallel.Parallel` to make it possible to propagate the scikit-learn configuration of the current thread to the joblib workers.
  warnings.warn(
/home/tonyhuh/miniconda3/envs/explaintab311/lib/python3.11/site-packages/sklearn/utils/parallel.py:144: UserWarning: `sklearn.utils.parallel.delayed` should be used with `sklearn.utils.parallel.Parallel` to make it possible to propagate the scikit-learn configuration of the current thread to the joblib workers.
  warnings.warn(
/home/tonyhuh/miniconda3/envs/explaintab311/lib/python3.11/site-packages/sklearn/utils/parallel.py:144: UserWarning: `sklearn.utils.parallel.delayed` should be used with `sklearn.utils.parallel.Parallel` to make it possible to propagate the scikit-learn configuration of the current thread to the joblib workers.
  warnings.warn(
/home/tonyhuh/miniconda3/envs/explaintab311/lib/python3.11/site-packages/sklearn/utils/parallel.py:144: UserWarning: `sklearn.utils.parallel.delayed` should be used with `sklearn.utils.parallel.Parallel` to make it possible to propagate the scikit-learn configuration of the current thread to the joblib workers.
  warnings.warn(
/home/tonyhuh/miniconda3/envs/explaintab311/lib/python3.11/site-packages/sklearn/utils/parallel.py:144: UserWarning: `sklearn.utils.parallel.delayed` should be used with `sklearn.utils.parallel.Parallel` to make it possible to propagate the scikit-learn configuration of the current thread to the joblib workers.
  warnings.warn(
/home/tonyhuh/miniconda3/envs/explaintab311/lib/python3.11/site-packages/sklearn/utils/parallel.py:144: UserWarning: `sklearn.utils.parallel.delayed` should be used with `sklearn.utils.parallel.Parallel` to make it possible to propagate the scikit-learn configuration of the current thread to the joblib workers.
  warnings.warn(
/home/tonyhuh/miniconda3/envs/explaintab311/lib/python3.11/site-packages/sklearn/utils/parallel.py:144: UserWarning: `sklearn.utils.parallel.delayed` should be used with `sklearn.utils.parallel.Parallel` to make it possible to propagate the scikit-learn configuration of the current thread to the joblib workers.
  warnings.warn(
/home/tonyhuh/miniconda3/envs/explaintab311/lib/python3.11/site-packages/sklearn/utils/parallel.py:144: UserWarning: `sklearn.utils.parallel.delayed` should be used with `sklearn.utils.parallel.Parallel` to make it possible to propagate the scikit-learn configuration of the current thread to the joblib workers.
  warnings.warn(
/home/tonyhuh/miniconda3/envs/explaintab311/lib/python3.11/site-packages/sklearn/utils/parallel.py:144: UserWarning: `sklearn.utils.parallel.delayed` should be used with `sklearn.utils.parallel.Parallel` to make it possible to propagate the scikit-learn configuration of the current thread to the joblib workers.
  warnings.warn(
/home/tonyhuh/miniconda3/envs/explaintab311/lib/python3.11/site-packages/sklearn/utils/parallel.py:144: UserWarning: `sklearn.utils.parallel.delayed` should be used with `sklearn.utils.parallel.Parallel` to make it possible to propagate the scikit-learn configuration of the current thread to the joblib workers.
  warnings.warn(
/home/tonyhuh/miniconda3/envs/explaintab311/lib/python3.11/site-packages/sklearn/utils/parallel.py:144: UserWarning: `sklearn.utils.parallel.delayed` should be used with `sklearn.utils.parallel.Parallel` to make it possible to propagate the scikit-learn configuration of the current thread to the joblib workers.
  warnings.warn(
/home/tonyhuh/miniconda3/envs/explaintab311/lib/python3.11/site-packages/sklearn/utils/parallel.py:144: UserWarning: `sklearn.utils.parallel.delayed` should be used with `sklearn.utils.parallel.Parallel` to make it possible to propagate the scikit-learn configuration of the current thread to the joblib workers.
  warnings.warn(
/home/tonyhuh/miniconda3/envs/explaintab311/lib/python3.11/site-packages/sklearn/utils/parallel.py:144: UserWarning: `sklearn.utils.parallel.delayed` should be used with `sklearn.utils.parallel.Parallel` to make it possible to propagate the scikit-learn configuration of the current thread to the joblib workers.
  warnings.warn(
/home/tonyhuh/miniconda3/envs/explaintab311/lib/python3.11/site-packages/sklearn/utils/parallel.py:144: UserWarning: `sklearn.utils.parallel.delayed` should be used with `sklearn.utils.parallel.Parallel` to make it possible to propagate the scikit-learn configuration of the current thread to the joblib workers.
  warnings.warn(
/home/tonyhuh/miniconda3/envs/explaintab311/lib/python3.11/site-packages/sklearn/utils/parallel.py:144: UserWarning: `sklearn.utils.parallel.delayed` should be used with `sklearn.utils.parallel.Parallel` to make it possible to propagate the scikit-learn configuration of the current thread to the joblib workers.
  warnings.warn(
/home/tonyhuh/miniconda3/envs/explaintab311/lib/python3.11/site-packages/sklearn/utils/parallel.py:144: UserWarning: `sklearn.utils.parallel.delayed` should be used with `sklearn.utils.parallel.Parallel` to make it possible to propagate the scikit-learn configuration of the current thread to the joblib workers.
  warnings.warn(
/home/tonyhuh/miniconda3/envs/explaintab311/lib/python3.11/site-packages/sklearn/utils/parallel.py:144: UserWarning: `sklearn.utils.parallel.delayed` should be used with `sklearn.utils.parallel.Parallel` to make it possible to propagate the scikit-learn configuration of the current thread to the joblib workers.
  warnings.warn(
/home/tonyhuh/miniconda3/envs/explaintab311/lib/python3.11/site-packages/sklearn/utils/parallel.py:144: UserWarning: `sklearn.utils.parallel.delayed` should be used with `sklearn.utils.parallel.Parallel` to make it possible to propagate the scikit-learn configuration of the current thread to the joblib workers.
  warnings.warn(
/home/tonyhuh/miniconda3/envs/explaintab311/lib/python3.11/site-packages/sklearn/utils/parallel.py:144: UserWarning: `sklearn.utils.parallel.delayed` should be used with `sklearn.utils.parallel.Parallel` to make it possible to propagate the scikit-learn configuration of the current thread to the joblib workers.
  warnings.warn(
/home/tonyhuh/miniconda3/envs/explaintab311/lib/python3.11/site-packages/sklearn/utils/parallel.py:144: UserWarning: `sklearn.utils.parallel.delayed` should be used with `sklearn.utils.parallel.Parallel` to make it possible to propagate the scikit-learn configuration of the current thread to the joblib workers.
  warnings.warn(
/home/tonyhuh/miniconda3/envs/explaintab311/lib/python3.11/site-packages/sklearn/utils/parallel.py:144: UserWarning: `sklearn.utils.parallel.delayed` should be used with `sklearn.utils.parallel.Parallel` to make it possible to propagate the scikit-learn configuration of the current thread to the joblib workers.
  warnings.warn(
/home/tonyhuh/miniconda3/envs/explaintab311/lib/python3.11/site-packages/sklearn/utils/parallel.py:144: UserWarning: `sklearn.utils.parallel.delayed` should be used with `sklearn.utils.parallel.Parallel` to make it possible to propagate the scikit-learn configuration of the current thread to the joblib workers.
  warnings.warn(
/home/tonyhuh/miniconda3/envs/explaintab311/lib/python3.11/site-packages/sklearn/utils/parallel.py:144: UserWarning: `sklearn.utils.parallel.delayed` should be used with `sklearn.utils.parallel.Parallel` to make it possible to propagate the scikit-learn configuration of the current thread to the joblib workers.
  warnings.warn(
/home/tonyhuh/miniconda3/envs/explaintab311/lib/python3.11/site-packages/sklearn/utils/parallel.py:144: UserWarning: `sklearn.utils.parallel.delayed` should be used with `sklearn.utils.parallel.Parallel` to make it possible to propagate the scikit-learn configuration of the current thread to the joblib workers.
  warnings.warn(
/home/tonyhuh/miniconda3/envs/explaintab311/lib/python3.11/site-packages/sklearn/utils/parallel.py:144: UserWarning: `sklearn.utils.parallel.delayed` should be used with `sklearn.utils.parallel.Parallel` to make it possible to propagate the scikit-learn configuration of the current thread to the joblib workers.
  warnings.warn(
/home/tonyhuh/miniconda3/envs/explaintab311/lib/python3.11/site-packages/sklearn/utils/parallel.py:144: UserWarning: `sklearn.utils.parallel.delayed` should be used with `sklearn.utils.parallel.Parallel` to make it possible to propagate the scikit-learn configuration of the current thread to the joblib workers.
  warnings.warn(
/home/tonyhuh/miniconda3/envs/explaintab311/lib/python3.11/site-packages/sklearn/utils/parallel.py:144: UserWarning: `sklearn.utils.parallel.delayed` should be used with `sklearn.utils.parallel.Parallel` to make it possible to propagate the scikit-learn configuration of the current thread to the joblib workers.
  warnings.warn(
/home/tonyhuh/miniconda3/envs/explaintab311/lib/python3.11/site-packages/sklearn/utils/parallel.py:144: UserWarning: `sklearn.utils.parallel.delayed` should be used with `sklearn.utils.parallel.Parallel` to make it possible to propagate the scikit-learn configuration of the current thread to the joblib workers.
  warnings.warn(
/home/tonyhuh/miniconda3/envs/explaintab311/lib/python3.11/site-packages/sklearn/utils/parallel.py:144: UserWarning: `sklearn.utils.parallel.delayed` should be used with `sklearn.utils.parallel.Parallel` to make it possible to propagate the scikit-learn configuration of the current thread to the joblib workers.
  warnings.warn(
/home/tonyhuh/miniconda3/envs/explaintab311/lib/python3.11/site-packages/sklearn/utils/parallel.py:144: UserWarning: `sklearn.utils.parallel.delayed` should be used with `sklearn.utils.parallel.Parallel` to make it possible to propagate the scikit-learn configuration of the current thread to the joblib workers.
  warnings.warn(
/home/tonyhuh/miniconda3/envs/explaintab311/lib/python3.11/site-packages/sklearn/utils/parallel.py:144: UserWarning: `sklearn.utils.parallel.delayed` should be used with `sklearn.utils.parallel.Parallel` to make it possible to propagate the scikit-learn configuration of the current thread to the joblib workers.
  warnings.warn(
/home/tonyhuh/miniconda3/envs/explaintab311/lib/python3.11/site-packages/sklearn/utils/parallel.py:144: UserWarning: `sklearn.utils.parallel.delayed` should be used with `sklearn.utils.parallel.Parallel` to make it possible to propagate the scikit-learn configuration of the current thread to the joblib workers.
  warnings.warn(
/home/tonyhuh/miniconda3/envs/explaintab311/lib/python3.11/site-packages/sklearn/utils/parallel.py:144: UserWarning: `sklearn.utils.parallel.delayed` should be used with `sklearn.utils.parallel.Parallel` to make it possible to propagate the scikit-learn configuration of the current thread to the joblib workers.
  warnings.warn(
/home/tonyhuh/miniconda3/envs/explaintab311/lib/python3.11/site-packages/sklearn/utils/parallel.py:144: UserWarning: `sklearn.utils.parallel.delayed` should be used with `sklearn.utils.parallel.Parallel` to make it possible to propagate the scikit-learn configuration of the current thread to the joblib workers.
  warnings.warn(
/home/tonyhuh/miniconda3/envs/explaintab311/lib/python3.11/site-packages/sklearn/utils/parallel.py:144: UserWarning: `sklearn.utils.parallel.delayed` should be used with `sklearn.utils.parallel.Parallel` to make it possible to propagate the scikit-learn configuration of the current thread to the joblib workers.
  warnings.warn(
/home/tonyhuh/miniconda3/envs/explaintab311/lib/python3.11/site-packages/sklearn/utils/parallel.py:144: UserWarning: `sklearn.utils.parallel.delayed` should be used with `sklearn.utils.parallel.Parallel` to make it possible to propagate the scikit-learn configuration of the current thread to the joblib workers.
  warnings.warn(
/home/tonyhuh/miniconda3/envs/explaintab311/lib/python3.11/site-packages/sklearn/utils/parallel.py:144: UserWarning: `sklearn.utils.parallel.delayed` should be used with `sklearn.utils.parallel.Parallel` to make it possible to propagate the scikit-learn configuration of the current thread to the joblib workers.
  warnings.warn(
/home/tonyhuh/miniconda3/envs/explaintab311/lib/python3.11/site-packages/sklearn/utils/parallel.py:144: UserWarning: `sklearn.utils.parallel.delayed` should be used with `sklearn.utils.parallel.Parallel` to make it possible to propagate the scikit-learn configuration of the current thread to the joblib workers.
  warnings.warn(
/home/tonyhuh/miniconda3/envs/explaintab311/lib/python3.11/site-packages/sklearn/utils/parallel.py:144: UserWarning: `sklearn.utils.parallel.delayed` should be used with `sklearn.utils.parallel.Parallel` to make it possible to propagate the scikit-learn configuration of the current thread to the joblib workers.
  warnings.warn(
/home/tonyhuh/miniconda3/envs/explaintab311/lib/python3.11/site-packages/sklearn/utils/parallel.py:144: UserWarning: `sklearn.utils.parallel.delayed` should be used with `sklearn.utils.parallel.Parallel` to make it possible to propagate the scikit-learn configuration of the current thread to the joblib workers.
  warnings.warn(
/home/tonyhuh/miniconda3/envs/explaintab311/lib/python3.11/site-packages/sklearn/utils/parallel.py:144: UserWarning: `sklearn.utils.parallel.delayed` should be used with `sklearn.utils.parallel.Parallel` to make it possible to propagate the scikit-learn configuration of the current thread to the joblib workers.
  warnings.warn(
/home/tonyhuh/miniconda3/envs/explaintab311/lib/python3.11/site-packages/sklearn/utils/parallel.py:144: UserWarning: `sklearn.utils.parallel.delayed` should be used with `sklearn.utils.parallel.Parallel` to make it possible to propagate the scikit-learn configuration of the current thread to the joblib workers.
  warnings.warn(
/home/tonyhuh/miniconda3/envs/explaintab311/lib/python3.11/site-packages/sklearn/utils/parallel.py:144: UserWarning: `sklearn.utils.parallel.delayed` should be used with `sklearn.utils.parallel.Parallel` to make it possible to propagate the scikit-learn configuration of the current thread to the joblib workers.
  warnings.warn(
/home/tonyhuh/miniconda3/envs/explaintab311/lib/python3.11/site-packages/sklearn/utils/parallel.py:144: UserWarning: `sklearn.utils.parallel.delayed` should be used with `sklearn.utils.parallel.Parallel` to make it possible to propagate the scikit-learn configuration of the current thread to the joblib workers.
  warnings.warn(
/home/tonyhuh/miniconda3/envs/explaintab311/lib/python3.11/site-packages/sklearn/utils/parallel.py:144: UserWarning: `sklearn.utils.parallel.delayed` should be used with `sklearn.utils.parallel.Parallel` to make it possible to propagate the scikit-learn configuration of the current thread to the joblib workers.
  warnings.warn(
/home/tonyhuh/miniconda3/envs/explaintab311/lib/python3.11/site-packages/sklearn/utils/parallel.py:144: UserWarning: `sklearn.utils.parallel.delayed` should be used with `sklearn.utils.parallel.Parallel` to make it possible to propagate the scikit-learn configuration of the current thread to the joblib workers.
  warnings.warn(
/home/tonyhuh/miniconda3/envs/explaintab311/lib/python3.11/site-packages/sklearn/utils/parallel.py:144: UserWarning: `sklearn.utils.parallel.delayed` should be used with `sklearn.utils.parallel.Parallel` to make it possible to propagate the scikit-learn configuration of the current thread to the joblib workers.
  warnings.warn(
/home/tonyhuh/miniconda3/envs/explaintab311/lib/python3.11/site-packages/sklearn/utils/parallel.py:144: UserWarning: `sklearn.utils.parallel.delayed` should be used with `sklearn.utils.parallel.Parallel` to make it possible to propagate the scikit-learn configuration of the current thread to the joblib workers.
  warnings.warn(
/home/tonyhuh/miniconda3/envs/explaintab311/lib/python3.11/site-packages/sklearn/utils/parallel.py:144: UserWarning: `sklearn.utils.parallel.delayed` should be used with `sklearn.utils.parallel.Parallel` to make it possible to propagate the scikit-learn configuration of the current thread to the joblib workers.
  warnings.warn(
/home/tonyhuh/miniconda3/envs/explaintab311/lib/python3.11/site-packages/sklearn/utils/parallel.py:144: UserWarning: `sklearn.utils.parallel.delayed` should be used with `sklearn.utils.parallel.Parallel` to make it possible to propagate the scikit-learn configuration of the current thread to the joblib workers.
  warnings.warn(
/home/tonyhuh/miniconda3/envs/explaintab311/lib/python3.11/site-packages/sklearn/utils/parallel.py:144: UserWarning: `sklearn.utils.parallel.delayed` should be used with `sklearn.utils.parallel.Parallel` to make it possible to propagate the scikit-learn configuration of the current thread to the joblib workers.
  warnings.warn(
/home/tonyhuh/miniconda3/envs/explaintab311/lib/python3.11/site-packages/sklearn/utils/parallel.py:144: UserWarning: `sklearn.utils.parallel.delayed` should be used with `sklearn.utils.parallel.Parallel` to make it possible to propagate the scikit-learn configuration of the current thread to the joblib workers.
  warnings.warn(
/home/tonyhuh/miniconda3/envs/explaintab311/lib/python3.11/site-packages/sklearn/utils/parallel.py:144: UserWarning: `sklearn.utils.parallel.delayed` should be used with `sklearn.utils.parallel.Parallel` to make it possible to propagate the scikit-learn configuration of the current thread to the joblib workers.
  warnings.warn(
/home/tonyhuh/miniconda3/envs/explaintab311/lib/python3.11/site-packages/sklearn/utils/parallel.py:144: UserWarning: `sklearn.utils.parallel.delayed` should be used with `sklearn.utils.parallel.Parallel` to make it possible to propagate the scikit-learn configuration of the current thread to the joblib workers.
  warnings.warn(
/home/tonyhuh/miniconda3/envs/explaintab311/lib/python3.11/site-packages/sklearn/utils/parallel.py:144: UserWarning: `sklearn.utils.parallel.delayed` should be used with `sklearn.utils.parallel.Parallel` to make it possible to propagate the scikit-learn configuration of the current thread to the joblib workers.
  warnings.warn(
/home/tonyhuh/miniconda3/envs/explaintab311/lib/python3.11/site-packages/sklearn/utils/parallel.py:144: UserWarning: `sklearn.utils.parallel.delayed` should be used with `sklearn.utils.parallel.Parallel` to make it possible to propagate the scikit-learn configuration of the current thread to the joblib workers.
  warnings.warn(
/home/tonyhuh/miniconda3/envs/explaintab311/lib/python3.11/site-packages/sklearn/utils/parallel.py:144: UserWarning: `sklearn.utils.parallel.delayed` should be used with `sklearn.utils.parallel.Parallel` to make it possible to propagate the scikit-learn configuration of the current thread to the joblib workers.
  warnings.warn(
/home/tonyhuh/miniconda3/envs/explaintab311/lib/python3.11/site-packages/sklearn/utils/parallel.py:144: UserWarning: `sklearn.utils.parallel.delayed` should be used with `sklearn.utils.parallel.Parallel` to make it possible to propagate the scikit-learn configuration of the current thread to the joblib workers.
  warnings.warn(
/home/tonyhuh/miniconda3/envs/explaintab311/lib/python3.11/site-packages/sklearn/utils/parallel.py:144: UserWarning: `sklearn.utils.parallel.delayed` should be used with `sklearn.utils.parallel.Parallel` to make it possible to propagate the scikit-learn configuration of the current thread to the joblib workers.
  warnings.warn(
/home/tonyhuh/miniconda3/envs/explaintab311/lib/python3.11/site-packages/sklearn/utils/parallel.py:144: UserWarning: `sklearn.utils.parallel.delayed` should be used with `sklearn.utils.parallel.Parallel` to make it possible to propagate the scikit-learn configuration of the current thread to the joblib workers.
  warnings.warn(
/home/tonyhuh/miniconda3/envs/explaintab311/lib/python3.11/site-packages/sklearn/utils/parallel.py:144: UserWarning: `sklearn.utils.parallel.delayed` should be used with `sklearn.utils.parallel.Parallel` to make it possible to propagate the scikit-learn configuration of the current thread to the joblib workers.
  warnings.warn(
/home/tonyhuh/miniconda3/envs/explaintab311/lib/python3.11/site-packages/sklearn/utils/parallel.py:144: UserWarning: `sklearn.utils.parallel.delayed` should be used with `sklearn.utils.parallel.Parallel` to make it possible to propagate the scikit-learn configuration of the current thread to the joblib workers.
  warnings.warn(
/home/tonyhuh/miniconda3/envs/explaintab311/lib/python3.11/site-packages/sklearn/utils/parallel.py:144: UserWarning: `sklearn.utils.parallel.delayed` should be used with `sklearn.utils.parallel.Parallel` to make it possible to propagate the scikit-learn configuration of the current thread to the joblib workers.
  warnings.warn(
/home/tonyhuh/miniconda3/envs/explaintab311/lib/python3.11/site-packages/sklearn/utils/parallel.py:144: UserWarning: `sklearn.utils.parallel.delayed` should be used with `sklearn.utils.parallel.Parallel` to make it possible to propagate the scikit-learn configuration of the current thread to the joblib workers.
  warnings.warn(
/home/tonyhuh/miniconda3/envs/explaintab311/lib/python3.11/site-packages/sklearn/utils/parallel.py:144: UserWarning: `sklearn.utils.parallel.delayed` should be used with `sklearn.utils.parallel.Parallel` to make it possible to propagate the scikit-learn configuration of the current thread to the joblib workers.
  warnings.warn(
/home/tonyhuh/miniconda3/envs/explaintab311/lib/python3.11/site-packages/sklearn/utils/parallel.py:144: UserWarning: `sklearn.utils.parallel.delayed` should be used with `sklearn.utils.parallel.Parallel` to make it possible to propagate the scikit-learn configuration of the current thread to the joblib workers.
  warnings.warn(
/home/tonyhuh/miniconda3/envs/explaintab311/lib/python3.11/site-packages/sklearn/utils/parallel.py:144: UserWarning: `sklearn.utils.parallel.delayed` should be used with `sklearn.utils.parallel.Parallel` to make it possible to propagate the scikit-learn configuration of the current thread to the joblib workers.
  warnings.warn(
/home/tonyhuh/miniconda3/envs/explaintab311/lib/python3.11/site-packages/sklearn/utils/parallel.py:144: UserWarning: `sklearn.utils.parallel.delayed` should be used with `sklearn.utils.parallel.Parallel` to make it possible to propagate the scikit-learn configuration of the current thread to the joblib workers.
  warnings.warn(
/home/tonyhuh/miniconda3/envs/explaintab311/lib/python3.11/site-packages/sklearn/utils/parallel.py:144: UserWarning: `sklearn.utils.parallel.delayed` should be used with `sklearn.utils.parallel.Parallel` to make it possible to propagate the scikit-learn configuration of the current thread to the joblib workers.
  warnings.warn(
/home/tonyhuh/miniconda3/envs/explaintab311/lib/python3.11/site-packages/sklearn/utils/parallel.py:144: UserWarning: `sklearn.utils.parallel.delayed` should be used with `sklearn.utils.parallel.Parallel` to make it possible to propagate the scikit-learn configuration of the current thread to the joblib workers.
  warnings.warn(
/home/tonyhuh/miniconda3/envs/explaintab311/lib/python3.11/site-packages/sklearn/utils/parallel.py:144: UserWarning: `sklearn.utils.parallel.delayed` should be used with `sklearn.utils.parallel.Parallel` to make it possible to propagate the scikit-learn configuration of the current thread to the joblib workers.
  warnings.warn(
/home/tonyhuh/miniconda3/envs/explaintab311/lib/python3.11/site-packages/sklearn/utils/parallel.py:144: UserWarning: `sklearn.utils.parallel.delayed` should be used with `sklearn.utils.parallel.Parallel` to make it possible to propagate the scikit-learn configuration of the current thread to the joblib workers.
  warnings.warn(
/home/tonyhuh/miniconda3/envs/explaintab311/lib/python3.11/site-packages/sklearn/utils/parallel.py:144: UserWarning: `sklearn.utils.parallel.delayed` should be used with `sklearn.utils.parallel.Parallel` to make it possible to propagate the scikit-learn configuration of the current thread to the joblib workers.
  warnings.warn(
/home/tonyhuh/miniconda3/envs/explaintab311/lib/python3.11/site-packages/sklearn/utils/parallel.py:144: UserWarning: `sklearn.utils.parallel.delayed` should be used with `sklearn.utils.parallel.Parallel` to make it possible to propagate the scikit-learn configuration of the current thread to the joblib workers.
  warnings.warn(
/home/tonyhuh/miniconda3/envs/explaintab311/lib/python3.11/site-packages/sklearn/utils/parallel.py:144: UserWarning: `sklearn.utils.parallel.delayed` should be used with `sklearn.utils.parallel.Parallel` to make it possible to propagate the scikit-learn configuration of the current thread to the joblib workers.
  warnings.warn(
/home/tonyhuh/miniconda3/envs/explaintab311/lib/python3.11/site-packages/sklearn/utils/parallel.py:144: UserWarning: `sklearn.utils.parallel.delayed` should be used with `sklearn.utils.parallel.Parallel` to make it possible to propagate the scikit-learn configuration of the current thread to the joblib workers.
  warnings.warn(
/home/tonyhuh/miniconda3/envs/explaintab311/lib/python3.11/site-packages/sklearn/utils/parallel.py:144: UserWarning: `sklearn.utils.parallel.delayed` should be used with `sklearn.utils.parallel.Parallel` to make it possible to propagate the scikit-learn configuration of the current thread to the joblib workers.
  warnings.warn(
/home/tonyhuh/miniconda3/envs/explaintab311/lib/python3.11/site-packages/sklearn/utils/parallel.py:144: UserWarning: `sklearn.utils.parallel.delayed` should be used with `sklearn.utils.parallel.Parallel` to make it possible to propagate the scikit-learn configuration of the current thread to the joblib workers.
  warnings.warn(
/home/tonyhuh/miniconda3/envs/explaintab311/lib/python3.11/site-packages/sklearn/utils/parallel.py:144: UserWarning: `sklearn.utils.parallel.delayed` should be used with `sklearn.utils.parallel.Parallel` to make it possible to propagate the scikit-learn configuration of the current thread to the joblib workers.
  warnings.warn(
/home/tonyhuh/miniconda3/envs/explaintab311/lib/python3.11/site-packages/sklearn/utils/parallel.py:144: UserWarning: `sklearn.utils.parallel.delayed` should be used with `sklearn.utils.parallel.Parallel` to make it possible to propagate the scikit-learn configuration of the current thread to the joblib workers.
  warnings.warn(
/home/tonyhuh/miniconda3/envs/explaintab311/lib/python3.11/site-packages/sklearn/utils/parallel.py:144: UserWarning: `sklearn.utils.parallel.delayed` should be used with `sklearn.utils.parallel.Parallel` to make it possible to propagate the scikit-learn configuration of the current thread to the joblib workers.
  warnings.warn(
/home/tonyhuh/miniconda3/envs/explaintab311/lib/python3.11/site-packages/sklearn/utils/parallel.py:144: UserWarning: `sklearn.utils.parallel.delayed` should be used with `sklearn.utils.parallel.Parallel` to make it possible to propagate the scikit-learn configuration of the current thread to the joblib workers.
  warnings.warn(
/home/tonyhuh/miniconda3/envs/explaintab311/lib/python3.11/site-packages/sklearn/utils/parallel.py:144: UserWarning: `sklearn.utils.parallel.delayed` should be used with `sklearn.utils.parallel.Parallel` to make it possible to propagate the scikit-learn configuration of the current thread to the joblib workers.
  warnings.warn(
/home/tonyhuh/miniconda3/envs/explaintab311/lib/python3.11/site-packages/sklearn/utils/parallel.py:144: UserWarning: `sklearn.utils.parallel.delayed` should be used with `sklearn.utils.parallel.Parallel` to make it possible to propagate the scikit-learn configuration of the current thread to the joblib workers.
  warnings.warn(
/home/tonyhuh/miniconda3/envs/explaintab311/lib/python3.11/site-packages/sklearn/utils/parallel.py:144: UserWarning: `sklearn.utils.parallel.delayed` should be used with `sklearn.utils.parallel.Parallel` to make it possible to propagate the scikit-learn configuration of the current thread to the joblib workers.
  warnings.warn(
/home/tonyhuh/miniconda3/envs/explaintab311/lib/python3.11/site-packages/sklearn/utils/parallel.py:144: UserWarning: `sklearn.utils.parallel.delayed` should be used with `sklearn.utils.parallel.Parallel` to make it possible to propagate the scikit-learn configuration of the current thread to the joblib workers.
  warnings.warn(
/home/tonyhuh/miniconda3/envs/explaintab311/lib/python3.11/site-packages/sklearn/utils/parallel.py:144: UserWarning: `sklearn.utils.parallel.delayed` should be used with `sklearn.utils.parallel.Parallel` to make it possible to propagate the scikit-learn configuration of the current thread to the joblib workers.
  warnings.warn(
/home/tonyhuh/miniconda3/envs/explaintab311/lib/python3.11/site-packages/sklearn/utils/parallel.py:144: UserWarning: `sklearn.utils.parallel.delayed` should be used with `sklearn.utils.parallel.Parallel` to make it possible to propagate the scikit-learn configuration of the current thread to the joblib workers.
  warnings.warn(
/home/tonyhuh/miniconda3/envs/explaintab311/lib/python3.11/site-packages/sklearn/utils/parallel.py:144: UserWarning: `sklearn.utils.parallel.delayed` should be used with `sklearn.utils.parallel.Parallel` to make it possible to propagate the scikit-learn configuration of the current thread to the joblib workers.
  warnings.warn(
/home/tonyhuh/miniconda3/envs/explaintab311/lib/python3.11/site-packages/sklearn/utils/parallel.py:144: UserWarning: `sklearn.utils.parallel.delayed` should be used with `sklearn.utils.parallel.Parallel` to make it possible to propagate the scikit-learn configuration of the current thread to the joblib workers.
  warnings.warn(
/home/tonyhuh/miniconda3/envs/explaintab311/lib/python3.11/site-packages/sklearn/utils/parallel.py:144: UserWarning: `sklearn.utils.parallel.delayed` should be used with `sklearn.utils.parallel.Parallel` to make it possible to propagate the scikit-learn configuration of the current thread to the joblib workers.
  warnings.warn(
/home/tonyhuh/miniconda3/envs/explaintab311/lib/python3.11/site-packages/sklearn/utils/parallel.py:144: UserWarning: `sklearn.utils.parallel.delayed` should be used with `sklearn.utils.parallel.Parallel` to make it possible to propagate the scikit-learn configuration of the current thread to the joblib workers.
  warnings.warn(
/home/tonyhuh/miniconda3/envs/explaintab311/lib/python3.11/site-packages/sklearn/utils/parallel.py:144: UserWarning: `sklearn.utils.parallel.delayed` should be used with `sklearn.utils.parallel.Parallel` to make it possible to propagate the scikit-learn configuration of the current thread to the joblib workers.
  warnings.warn(
/home/tonyhuh/miniconda3/envs/explaintab311/lib/python3.11/site-packages/sklearn/utils/parallel.py:144: UserWarning: `sklearn.utils.parallel.delayed` should be used with `sklearn.utils.parallel.Parallel` to make it possible to propagate the scikit-learn configuration of the current thread to the joblib workers.
  warnings.warn(
/home/tonyhuh/miniconda3/envs/explaintab311/lib/python3.11/site-packages/sklearn/utils/parallel.py:144: UserWarning: `sklearn.utils.parallel.delayed` should be used with `sklearn.utils.parallel.Parallel` to make it possible to propagate the scikit-learn configuration of the current thread to the joblib workers.
  warnings.warn(
/home/tonyhuh/miniconda3/envs/explaintab311/lib/python3.11/site-packages/sklearn/utils/parallel.py:144: UserWarning: `sklearn.utils.parallel.delayed` should be used with `sklearn.utils.parallel.Parallel` to make it possible to propagate the scikit-learn configuration of the current thread to the joblib workers.
  warnings.warn(
/home/tonyhuh/miniconda3/envs/explaintab311/lib/python3.11/site-packages/sklearn/utils/parallel.py:144: UserWarning: `sklearn.utils.parallel.delayed` should be used with `sklearn.utils.parallel.Parallel` to make it possible to propagate the scikit-learn configuration of the current thread to the joblib workers.
  warnings.warn(
/home/tonyhuh/miniconda3/envs/explaintab311/lib/python3.11/site-packages/sklearn/utils/parallel.py:144: UserWarning: `sklearn.utils.parallel.delayed` should be used with `sklearn.utils.parallel.Parallel` to make it possible to propagate the scikit-learn configuration of the current thread to the joblib workers.
  warnings.warn(
/home/tonyhuh/miniconda3/envs/explaintab311/lib/python3.11/site-packages/sklearn/utils/parallel.py:144: UserWarning: `sklearn.utils.parallel.delayed` should be used with `sklearn.utils.parallel.Parallel` to make it possible to propagate the scikit-learn configuration of the current thread to the joblib workers.
  warnings.warn(
/home/tonyhuh/miniconda3/envs/explaintab311/lib/python3.11/site-packages/sklearn/utils/parallel.py:144: UserWarning: `sklearn.utils.parallel.delayed` should be used with `sklearn.utils.parallel.Parallel` to make it possible to propagate the scikit-learn configuration of the current thread to the joblib workers.
  warnings.warn(
/home/tonyhuh/miniconda3/envs/explaintab311/lib/python3.11/site-packages/sklearn/utils/parallel.py:144: UserWarning: `sklearn.utils.parallel.delayed` should be used with `sklearn.utils.parallel.Parallel` to make it possible to propagate the scikit-learn configuration of the current thread to the joblib workers.
  warnings.warn(
/home/tonyhuh/miniconda3/envs/explaintab311/lib/python3.11/site-packages/sklearn/utils/parallel.py:144: UserWarning: `sklearn.utils.parallel.delayed` should be used with `sklearn.utils.parallel.Parallel` to make it possible to propagate the scikit-learn configuration of the current thread to the joblib workers.
  warnings.warn(
/home/tonyhuh/miniconda3/envs/explaintab311/lib/python3.11/site-packages/sklearn/utils/parallel.py:144: UserWarning: `sklearn.utils.parallel.delayed` should be used with `sklearn.utils.parallel.Parallel` to make it possible to propagate the scikit-learn configuration of the current thread to the joblib workers.
  warnings.warn(
/home/tonyhuh/miniconda3/envs/explaintab311/lib/python3.11/site-packages/sklearn/utils/parallel.py:144: UserWarning: `sklearn.utils.parallel.delayed` should be used with `sklearn.utils.parallel.Parallel` to make it possible to propagate the scikit-learn configuration of the current thread to the joblib workers.
  warnings.warn(
/home/tonyhuh/miniconda3/envs/explaintab311/lib/python3.11/site-packages/sklearn/utils/parallel.py:144: UserWarning: `sklearn.utils.parallel.delayed` should be used with `sklearn.utils.parallel.Parallel` to make it possible to propagate the scikit-learn configuration of the current thread to the joblib workers.
  warnings.warn(
/home/tonyhuh/miniconda3/envs/explaintab311/lib/python3.11/site-packages/sklearn/utils/parallel.py:144: UserWarning: `sklearn.utils.parallel.delayed` should be used with `sklearn.utils.parallel.Parallel` to make it possible to propagate the scikit-learn configuration of the current thread to the joblib workers.
  warnings.warn(
/home/tonyhuh/miniconda3/envs/explaintab311/lib/python3.11/site-packages/sklearn/utils/parallel.py:144: UserWarning: `sklearn.utils.parallel.delayed` should be used with `sklearn.utils.parallel.Parallel` to make it possible to propagate the scikit-learn configuration of the current thread to the joblib workers.
  warnings.warn(
/home/tonyhuh/miniconda3/envs/explaintab311/lib/python3.11/site-packages/sklearn/utils/parallel.py:144: UserWarning: `sklearn.utils.parallel.delayed` should be used with `sklearn.utils.parallel.Parallel` to make it possible to propagate the scikit-learn configuration of the current thread to the joblib workers.
  warnings.warn(
/home/tonyhuh/miniconda3/envs/explaintab311/lib/python3.11/site-packages/sklearn/utils/parallel.py:144: UserWarning: `sklearn.utils.parallel.delayed` should be used with `sklearn.utils.parallel.Parallel` to make it possible to propagate the scikit-learn configuration of the current thread to the joblib workers.
  warnings.warn(
/home/tonyhuh/miniconda3/envs/explaintab311/lib/python3.11/site-packages/sklearn/utils/parallel.py:144: UserWarning: `sklearn.utils.parallel.delayed` should be used with `sklearn.utils.parallel.Parallel` to make it possible to propagate the scikit-learn configuration of the current thread to the joblib workers.
  warnings.warn(
/home/tonyhuh/miniconda3/envs/explaintab311/lib/python3.11/site-packages/sklearn/utils/parallel.py:144: UserWarning: `sklearn.utils.parallel.delayed` should be used with `sklearn.utils.parallel.Parallel` to make it possible to propagate the scikit-learn configuration of the current thread to the joblib workers.
  warnings.warn(
/home/tonyhuh/miniconda3/envs/explaintab311/lib/python3.11/site-packages/sklearn/utils/parallel.py:144: UserWarning: `sklearn.utils.parallel.delayed` should be used with `sklearn.utils.parallel.Parallel` to make it possible to propagate the scikit-learn configuration of the current thread to the joblib workers.
  warnings.warn(
/home/tonyhuh/miniconda3/envs/explaintab311/lib/python3.11/site-packages/sklearn/utils/parallel.py:144: UserWarning: `sklearn.utils.parallel.delayed` should be used with `sklearn.utils.parallel.Parallel` to make it possible to propagate the scikit-learn configuration of the current thread to the joblib workers.
  warnings.warn(
/home/tonyhuh/miniconda3/envs/explaintab311/lib/python3.11/site-packages/sklearn/utils/parallel.py:144: UserWarning: `sklearn.utils.parallel.delayed` should be used with `sklearn.utils.parallel.Parallel` to make it possible to propagate the scikit-learn configuration of the current thread to the joblib workers.
  warnings.warn(
/home/tonyhuh/miniconda3/envs/explaintab311/lib/python3.11/site-packages/sklearn/utils/parallel.py:144: UserWarning: `sklearn.utils.parallel.delayed` should be used with `sklearn.utils.parallel.Parallel` to make it possible to propagate the scikit-learn configuration of the current thread to the joblib workers.
  warnings.warn(
/home/tonyhuh/miniconda3/envs/explaintab311/lib/python3.11/site-packages/sklearn/utils/parallel.py:144: UserWarning: `sklearn.utils.parallel.delayed` should be used with `sklearn.utils.parallel.Parallel` to make it possible to propagate the scikit-learn configuration of the current thread to the joblib workers.
  warnings.warn(
/home/tonyhuh/miniconda3/envs/explaintab311/lib/python3.11/site-packages/sklearn/utils/parallel.py:144: UserWarning: `sklearn.utils.parallel.delayed` should be used with `sklearn.utils.parallel.Parallel` to make it possible to propagate the scikit-learn configuration of the current thread to the joblib workers.
  warnings.warn(
/home/tonyhuh/miniconda3/envs/explaintab311/lib/python3.11/site-packages/sklearn/utils/parallel.py:144: UserWarning: `sklearn.utils.parallel.delayed` should be used with `sklearn.utils.parallel.Parallel` to make it possible to propagate the scikit-learn configuration of the current thread to the joblib workers.
  warnings.warn(
/home/tonyhuh/miniconda3/envs/explaintab311/lib/python3.11/site-packages/sklearn/utils/parallel.py:144: UserWarning: `sklearn.utils.parallel.delayed` should be used with `sklearn.utils.parallel.Parallel` to make it possible to propagate the scikit-learn configuration of the current thread to the joblib workers.
  warnings.warn(
/home/tonyhuh/miniconda3/envs/explaintab311/lib/python3.11/site-packages/sklearn/utils/parallel.py:144: UserWarning: `sklearn.utils.parallel.delayed` should be used with `sklearn.utils.parallel.Parallel` to make it possible to propagate the scikit-learn configuration of the current thread to the joblib workers.
  warnings.warn(
/home/tonyhuh/miniconda3/envs/explaintab311/lib/python3.11/site-packages/sklearn/utils/parallel.py:144: UserWarning: `sklearn.utils.parallel.delayed` should be used with `sklearn.utils.parallel.Parallel` to make it possible to propagate the scikit-learn configuration of the current thread to the joblib workers.
  warnings.warn(
/home/tonyhuh/miniconda3/envs/explaintab311/lib/python3.11/site-packages/sklearn/utils/parallel.py:144: UserWarning: `sklearn.utils.parallel.delayed` should be used with `sklearn.utils.parallel.Parallel` to make it possible to propagate the scikit-learn configuration of the current thread to the joblib workers.
  warnings.warn(
/home/tonyhuh/miniconda3/envs/explaintab311/lib/python3.11/site-packages/sklearn/utils/parallel.py:144: UserWarning: `sklearn.utils.parallel.delayed` should be used with `sklearn.utils.parallel.Parallel` to make it possible to propagate the scikit-learn configuration of the current thread to the joblib workers.
  warnings.warn(
/home/tonyhuh/miniconda3/envs/explaintab311/lib/python3.11/site-packages/sklearn/utils/parallel.py:144: UserWarning: `sklearn.utils.parallel.delayed` should be used with `sklearn.utils.parallel.Parallel` to make it possible to propagate the scikit-learn configuration of the current thread to the joblib workers.
  warnings.warn(
/home/tonyhuh/miniconda3/envs/explaintab311/lib/python3.11/site-packages/sklearn/utils/parallel.py:144: UserWarning: `sklearn.utils.parallel.delayed` should be used with `sklearn.utils.parallel.Parallel` to make it possible to propagate the scikit-learn configuration of the current thread to the joblib workers.
  warnings.warn(
/home/tonyhuh/miniconda3/envs/explaintab311/lib/python3.11/site-packages/sklearn/utils/parallel.py:144: UserWarning: `sklearn.utils.parallel.delayed` should be used with `sklearn.utils.parallel.Parallel` to make it possible to propagate the scikit-learn configuration of the current thread to the joblib workers.
  warnings.warn(
/home/tonyhuh/miniconda3/envs/explaintab311/lib/python3.11/site-packages/sklearn/utils/parallel.py:144: UserWarning: `sklearn.utils.parallel.delayed` should be used with `sklearn.utils.parallel.Parallel` to make it possible to propagate the scikit-learn configuration of the current thread to the joblib workers.
  warnings.warn(
/home/tonyhuh/miniconda3/envs/explaintab311/lib/python3.11/site-packages/sklearn/utils/parallel.py:144: UserWarning: `sklearn.utils.parallel.delayed` should be used with `sklearn.utils.parallel.Parallel` to make it possible to propagate the scikit-learn configuration of the current thread to the joblib workers.
  warnings.warn(
/home/tonyhuh/miniconda3/envs/explaintab311/lib/python3.11/site-packages/sklearn/utils/parallel.py:144: UserWarning: `sklearn.utils.parallel.delayed` should be used with `sklearn.utils.parallel.Parallel` to make it possible to propagate the scikit-learn configuration of the current thread to the joblib workers.
  warnings.warn(
/home/tonyhuh/miniconda3/envs/explaintab311/lib/python3.11/site-packages/sklearn/utils/parallel.py:144: UserWarning: `sklearn.utils.parallel.delayed` should be used with `sklearn.utils.parallel.Parallel` to make it possible to propagate the scikit-learn configuration of the current thread to the joblib workers.
  warnings.warn(
/home/tonyhuh/miniconda3/envs/explaintab311/lib/python3.11/site-packages/sklearn/utils/parallel.py:144: UserWarning: `sklearn.utils.parallel.delayed` should be used with `sklearn.utils.parallel.Parallel` to make it possible to propagate the scikit-learn configuration of the current thread to the joblib workers.
  warnings.warn(
/home/tonyhuh/miniconda3/envs/explaintab311/lib/python3.11/site-packages/sklearn/utils/parallel.py:144: UserWarning: `sklearn.utils.parallel.delayed` should be used with `sklearn.utils.parallel.Parallel` to make it possible to propagate the scikit-learn configuration of the current thread to the joblib workers.
  warnings.warn(
/home/tonyhuh/miniconda3/envs/explaintab311/lib/python3.11/site-packages/sklearn/utils/parallel.py:144: UserWarning: `sklearn.utils.parallel.delayed` should be used with `sklearn.utils.parallel.Parallel` to make it possible to propagate the scikit-learn configuration of the current thread to the joblib workers.
  warnings.warn(
/home/tonyhuh/miniconda3/envs/explaintab311/lib/python3.11/site-packages/sklearn/utils/parallel.py:144: UserWarning: `sklearn.utils.parallel.delayed` should be used with `sklearn.utils.parallel.Parallel` to make it possible to propagate the scikit-learn configuration of the current thread to the joblib workers.
  warnings.warn(
/home/tonyhuh/miniconda3/envs/explaintab311/lib/python3.11/site-packages/sklearn/utils/parallel.py:144: UserWarning: `sklearn.utils.parallel.delayed` should be used with `sklearn.utils.parallel.Parallel` to make it possible to propagate the scikit-learn configuration of the current thread to the joblib workers.
  warnings.warn(
/home/tonyhuh/miniconda3/envs/explaintab311/lib/python3.11/site-packages/sklearn/utils/parallel.py:144: UserWarning: `sklearn.utils.parallel.delayed` should be used with `sklearn.utils.parallel.Parallel` to make it possible to propagate the scikit-learn configuration of the current thread to the joblib workers.
  warnings.warn(
/home/tonyhuh/miniconda3/envs/explaintab311/lib/python3.11/site-packages/sklearn/utils/parallel.py:144: UserWarning: `sklearn.utils.parallel.delayed` should be used with `sklearn.utils.parallel.Parallel` to make it possible to propagate the scikit-learn configuration of the current thread to the joblib workers.
  warnings.warn(
/home/tonyhuh/miniconda3/envs/explaintab311/lib/python3.11/site-packages/sklearn/utils/parallel.py:144: UserWarning: `sklearn.utils.parallel.delayed` should be used with `sklearn.utils.parallel.Parallel` to make it possible to propagate the scikit-learn configuration of the current thread to the joblib workers.
  warnings.warn(
/home/tonyhuh/miniconda3/envs/explaintab311/lib/python3.11/site-packages/sklearn/utils/parallel.py:144: UserWarning: `sklearn.utils.parallel.delayed` should be used with `sklearn.utils.parallel.Parallel` to make it possible to propagate the scikit-learn configuration of the current thread to the joblib workers.
  warnings.warn(
/home/tonyhuh/miniconda3/envs/explaintab311/lib/python3.11/site-packages/sklearn/utils/parallel.py:144: UserWarning: `sklearn.utils.parallel.delayed` should be used with `sklearn.utils.parallel.Parallel` to make it possible to propagate the scikit-learn configuration of the current thread to the joblib workers.
  warnings.warn(
/home/tonyhuh/miniconda3/envs/explaintab311/lib/python3.11/site-packages/sklearn/utils/parallel.py:144: UserWarning: `sklearn.utils.parallel.delayed` should be used with `sklearn.utils.parallel.Parallel` to make it possible to propagate the scikit-learn configuration of the current thread to the joblib workers.
  warnings.warn(
/home/tonyhuh/miniconda3/envs/explaintab311/lib/python3.11/site-packages/sklearn/utils/parallel.py:144: UserWarning: `sklearn.utils.parallel.delayed` should be used with `sklearn.utils.parallel.Parallel` to make it possible to propagate the scikit-learn configuration of the current thread to the joblib workers.
  warnings.warn(
/home/tonyhuh/miniconda3/envs/explaintab311/lib/python3.11/site-packages/sklearn/utils/parallel.py:144: UserWarning: `sklearn.utils.parallel.delayed` should be used with `sklearn.utils.parallel.Parallel` to make it possible to propagate the scikit-learn configuration of the current thread to the joblib workers.
  warnings.warn(
/home/tonyhuh/miniconda3/envs/explaintab311/lib/python3.11/site-packages/sklearn/utils/parallel.py:144: UserWarning: `sklearn.utils.parallel.delayed` should be used with `sklearn.utils.parallel.Parallel` to make it possible to propagate the scikit-learn configuration of the current thread to the joblib workers.
  warnings.warn(
/home/tonyhuh/miniconda3/envs/explaintab311/lib/python3.11/site-packages/sklearn/utils/parallel.py:144: UserWarning: `sklearn.utils.parallel.delayed` should be used with `sklearn.utils.parallel.Parallel` to make it possible to propagate the scikit-learn configuration of the current thread to the joblib workers.
  warnings.warn(
/home/tonyhuh/miniconda3/envs/explaintab311/lib/python3.11/site-packages/sklearn/utils/parallel.py:144: UserWarning: `sklearn.utils.parallel.delayed` should be used with `sklearn.utils.parallel.Parallel` to make it possible to propagate the scikit-learn configuration of the current thread to the joblib workers.
  warnings.warn(
/home/tonyhuh/miniconda3/envs/explaintab311/lib/python3.11/site-packages/sklearn/utils/parallel.py:144: UserWarning: `sklearn.utils.parallel.delayed` should be used with `sklearn.utils.parallel.Parallel` to make it possible to propagate the scikit-learn configuration of the current thread to the joblib workers.
  warnings.warn(
/home/tonyhuh/miniconda3/envs/explaintab311/lib/python3.11/site-packages/sklearn/utils/parallel.py:144: UserWarning: `sklearn.utils.parallel.delayed` should be used with `sklearn.utils.parallel.Parallel` to make it possible to propagate the scikit-learn configuration of the current thread to the joblib workers.
  warnings.warn(
/home/tonyhuh/miniconda3/envs/explaintab311/lib/python3.11/site-packages/sklearn/utils/parallel.py:144: UserWarning: `sklearn.utils.parallel.delayed` should be used with `sklearn.utils.parallel.Parallel` to make it possible to propagate the scikit-learn configuration of the current thread to the joblib workers.
  warnings.warn(
/home/tonyhuh/miniconda3/envs/explaintab311/lib/python3.11/site-packages/sklearn/utils/parallel.py:144: UserWarning: `sklearn.utils.parallel.delayed` should be used with `sklearn.utils.parallel.Parallel` to make it possible to propagate the scikit-learn configuration of the current thread to the joblib workers.
  warnings.warn(
/home/tonyhuh/miniconda3/envs/explaintab311/lib/python3.11/site-packages/sklearn/utils/parallel.py:144: UserWarning: `sklearn.utils.parallel.delayed` should be used with `sklearn.utils.parallel.Parallel` to make it possible to propagate the scikit-learn configuration of the current thread to the joblib workers.
  warnings.warn(
/home/tonyhuh/miniconda3/envs/explaintab311/lib/python3.11/site-packages/sklearn/utils/parallel.py:144: UserWarning: `sklearn.utils.parallel.delayed` should be used with `sklearn.utils.parallel.Parallel` to make it possible to propagate the scikit-learn configuration of the current thread to the joblib workers.
  warnings.warn(
/home/tonyhuh/miniconda3/envs/explaintab311/lib/python3.11/site-packages/sklearn/utils/parallel.py:144: UserWarning: `sklearn.utils.parallel.delayed` should be used with `sklearn.utils.parallel.Parallel` to make it possible to propagate the scikit-learn configuration of the current thread to the joblib workers.
  warnings.warn(
/home/tonyhuh/miniconda3/envs/explaintab311/lib/python3.11/site-packages/sklearn/utils/parallel.py:144: UserWarning: `sklearn.utils.parallel.delayed` should be used with `sklearn.utils.parallel.Parallel` to make it possible to propagate the scikit-learn configuration of the current thread to the joblib workers.
  warnings.warn(
/home/tonyhuh/miniconda3/envs/explaintab311/lib/python3.11/site-packages/sklearn/utils/parallel.py:144: UserWarning: `sklearn.utils.parallel.delayed` should be used with `sklearn.utils.parallel.Parallel` to make it possible to propagate the scikit-learn configuration of the current thread to the joblib workers.
  warnings.warn(
/home/tonyhuh/miniconda3/envs/explaintab311/lib/python3.11/site-packages/sklearn/utils/parallel.py:144: UserWarning: `sklearn.utils.parallel.delayed` should be used with `sklearn.utils.parallel.Parallel` to make it possible to propagate the scikit-learn configuration of the current thread to the joblib workers.
  warnings.warn(
/home/tonyhuh/miniconda3/envs/explaintab311/lib/python3.11/site-packages/sklearn/utils/parallel.py:144: UserWarning: `sklearn.utils.parallel.delayed` should be used with `sklearn.utils.parallel.Parallel` to make it possible to propagate the scikit-learn configuration of the current thread to the joblib workers.
  warnings.warn(
/home/tonyhuh/miniconda3/envs/explaintab311/lib/python3.11/site-packages/sklearn/utils/parallel.py:144: UserWarning: `sklearn.utils.parallel.delayed` should be used with `sklearn.utils.parallel.Parallel` to make it possible to propagate the scikit-learn configuration of the current thread to the joblib workers.
  warnings.warn(
/home/tonyhuh/miniconda3/envs/explaintab311/lib/python3.11/site-packages/sklearn/utils/parallel.py:144: UserWarning: `sklearn.utils.parallel.delayed` should be used with `sklearn.utils.parallel.Parallel` to make it possible to propagate the scikit-learn configuration of the current thread to the joblib workers.
  warnings.warn(
/home/tonyhuh/miniconda3/envs/explaintab311/lib/python3.11/site-packages/sklearn/utils/parallel.py:144: UserWarning: `sklearn.utils.parallel.delayed` should be used with `sklearn.utils.parallel.Parallel` to make it possible to propagate the scikit-learn configuration of the current thread to the joblib workers.
  warnings.warn(
/home/tonyhuh/miniconda3/envs/explaintab311/lib/python3.11/site-packages/sklearn/utils/parallel.py:144: UserWarning: `sklearn.utils.parallel.delayed` should be used with `sklearn.utils.parallel.Parallel` to make it possible to propagate the scikit-learn configuration of the current thread to the joblib workers.
  warnings.warn(
/home/tonyhuh/miniconda3/envs/explaintab311/lib/python3.11/site-packages/sklearn/utils/parallel.py:144: UserWarning: `sklearn.utils.parallel.delayed` should be used with `sklearn.utils.parallel.Parallel` to make it possible to propagate the scikit-learn configuration of the current thread to the joblib workers.
  warnings.warn(
/home/tonyhuh/miniconda3/envs/explaintab311/lib/python3.11/site-packages/sklearn/utils/parallel.py:144: UserWarning: `sklearn.utils.parallel.delayed` should be used with `sklearn.utils.parallel.Parallel` to make it possible to propagate the scikit-learn configuration of the current thread to the joblib workers.
  warnings.warn(
/home/tonyhuh/miniconda3/envs/explaintab311/lib/python3.11/site-packages/sklearn/utils/parallel.py:144: UserWarning: `sklearn.utils.parallel.delayed` should be used with `sklearn.utils.parallel.Parallel` to make it possible to propagate the scikit-learn configuration of the current thread to the joblib workers.
  warnings.warn(
/home/tonyhuh/miniconda3/envs/explaintab311/lib/python3.11/site-packages/sklearn/utils/parallel.py:144: UserWarning: `sklearn.utils.parallel.delayed` should be used with `sklearn.utils.parallel.Parallel` to make it possible to propagate the scikit-learn configuration of the current thread to the joblib workers.
  warnings.warn(
/home/tonyhuh/miniconda3/envs/explaintab311/lib/python3.11/site-packages/sklearn/utils/parallel.py:144: UserWarning: `sklearn.utils.parallel.delayed` should be used with `sklearn.utils.parallel.Parallel` to make it possible to propagate the scikit-learn configuration of the current thread to the joblib workers.
  warnings.warn(
/home/tonyhuh/miniconda3/envs/explaintab311/lib/python3.11/site-packages/sklearn/utils/parallel.py:144: UserWarning: `sklearn.utils.parallel.delayed` should be used with `sklearn.utils.parallel.Parallel` to make it possible to propagate the scikit-learn configuration of the current thread to the joblib workers.
  warnings.warn(
/home/tonyhuh/miniconda3/envs/explaintab311/lib/python3.11/site-packages/sklearn/utils/parallel.py:144: UserWarning: `sklearn.utils.parallel.delayed` should be used with `sklearn.utils.parallel.Parallel` to make it possible to propagate the scikit-learn configuration of the current thread to the joblib workers.
  warnings.warn(
/home/tonyhuh/miniconda3/envs/explaintab311/lib/python3.11/site-packages/sklearn/utils/parallel.py:144: UserWarning: `sklearn.utils.parallel.delayed` should be used with `sklearn.utils.parallel.Parallel` to make it possible to propagate the scikit-learn configuration of the current thread to the joblib workers.
  warnings.warn(
/home/tonyhuh/miniconda3/envs/explaintab311/lib/python3.11/site-packages/sklearn/utils/parallel.py:144: UserWarning: `sklearn.utils.parallel.delayed` should be used with `sklearn.utils.parallel.Parallel` to make it possible to propagate the scikit-learn configuration of the current thread to the joblib workers.
  warnings.warn(
/home/tonyhuh/miniconda3/envs/explaintab311/lib/python3.11/site-packages/sklearn/utils/parallel.py:144: UserWarning: `sklearn.utils.parallel.delayed` should be used with `sklearn.utils.parallel.Parallel` to make it possible to propagate the scikit-learn configuration of the current thread to the joblib workers.
  warnings.warn(
/home/tonyhuh/miniconda3/envs/explaintab311/lib/python3.11/site-packages/sklearn/utils/parallel.py:144: UserWarning: `sklearn.utils.parallel.delayed` should be used with `sklearn.utils.parallel.Parallel` to make it possible to propagate the scikit-learn configuration of the current thread to the joblib workers.
  warnings.warn(
/home/tonyhuh/miniconda3/envs/explaintab311/lib/python3.11/site-packages/sklearn/utils/parallel.py:144: UserWarning: `sklearn.utils.parallel.delayed` should be used with `sklearn.utils.parallel.Parallel` to make it possible to propagate the scikit-learn configuration of the current thread to the joblib workers.
  warnings.warn(
/home/tonyhuh/miniconda3/envs/explaintab311/lib/python3.11/site-packages/sklearn/utils/parallel.py:144: UserWarning: `sklearn.utils.parallel.delayed` should be used with `sklearn.utils.parallel.Parallel` to make it possible to propagate the scikit-learn configuration of the current thread to the joblib workers.
  warnings.warn(
/home/tonyhuh/miniconda3/envs/explaintab311/lib/python3.11/site-packages/sklearn/utils/parallel.py:144: UserWarning: `sklearn.utils.parallel.delayed` should be used with `sklearn.utils.parallel.Parallel` to make it possible to propagate the scikit-learn configuration of the current thread to the joblib workers.
  warnings.warn(
/home/tonyhuh/miniconda3/envs/explaintab311/lib/python3.11/site-packages/sklearn/utils/parallel.py:144: UserWarning: `sklearn.utils.parallel.delayed` should be used with `sklearn.utils.parallel.Parallel` to make it possible to propagate the scikit-learn configuration of the current thread to the joblib workers.
  warnings.warn(
/home/tonyhuh/miniconda3/envs/explaintab311/lib/python3.11/site-packages/sklearn/utils/parallel.py:144: UserWarning: `sklearn.utils.parallel.delayed` should be used with `sklearn.utils.parallel.Parallel` to make it possible to propagate the scikit-learn configuration of the current thread to the joblib workers.
  warnings.warn(
/home/tonyhuh/miniconda3/envs/explaintab311/lib/python3.11/site-packages/sklearn/utils/parallel.py:144: UserWarning: `sklearn.utils.parallel.delayed` should be used with `sklearn.utils.parallel.Parallel` to make it possible to propagate the scikit-learn configuration of the current thread to the joblib workers.
  warnings.warn(
/home/tonyhuh/miniconda3/envs/explaintab311/lib/python3.11/site-packages/sklearn/utils/parallel.py:144: UserWarning: `sklearn.utils.parallel.delayed` should be used with `sklearn.utils.parallel.Parallel` to make it possible to propagate the scikit-learn configuration of the current thread to the joblib workers.
  warnings.warn(
/home/tonyhuh/miniconda3/envs/explaintab311/lib/python3.11/site-packages/sklearn/utils/parallel.py:144: UserWarning: `sklearn.utils.parallel.delayed` should be used with `sklearn.utils.parallel.Parallel` to make it possible to propagate the scikit-learn configuration of the current thread to the joblib workers.
  warnings.warn(
/home/tonyhuh/miniconda3/envs/explaintab311/lib/python3.11/site-packages/sklearn/utils/parallel.py:144: UserWarning: `sklearn.utils.parallel.delayed` should be used with `sklearn.utils.parallel.Parallel` to make it possible to propagate the scikit-learn configuration of the current thread to the joblib workers.
  warnings.warn(
/home/tonyhuh/miniconda3/envs/explaintab311/lib/python3.11/site-packages/sklearn/utils/parallel.py:144: UserWarning: `sklearn.utils.parallel.delayed` should be used with `sklearn.utils.parallel.Parallel` to make it possible to propagate the scikit-learn configuration of the current thread to the joblib workers.
  warnings.warn(
/home/tonyhuh/miniconda3/envs/explaintab311/lib/python3.11/site-packages/sklearn/utils/parallel.py:144: UserWarning: `sklearn.utils.parallel.delayed` should be used with `sklearn.utils.parallel.Parallel` to make it possible to propagate the scikit-learn configuration of the current thread to the joblib workers.
  warnings.warn(
/home/tonyhuh/miniconda3/envs/explaintab311/lib/python3.11/site-packages/sklearn/utils/parallel.py:144: UserWarning: `sklearn.utils.parallel.delayed` should be used with `sklearn.utils.parallel.Parallel` to make it possible to propagate the scikit-learn configuration of the current thread to the joblib workers.
  warnings.warn(
/home/tonyhuh/miniconda3/envs/explaintab311/lib/python3.11/site-packages/sklearn/utils/parallel.py:144: UserWarning: `sklearn.utils.parallel.delayed` should be used with `sklearn.utils.parallel.Parallel` to make it possible to propagate the scikit-learn configuration of the current thread to the joblib workers.
  warnings.warn(
/home/tonyhuh/miniconda3/envs/explaintab311/lib/python3.11/site-packages/sklearn/utils/parallel.py:144: UserWarning: `sklearn.utils.parallel.delayed` should be used with `sklearn.utils.parallel.Parallel` to make it possible to propagate the scikit-learn configuration of the current thread to the joblib workers.
  warnings.warn(
/home/tonyhuh/miniconda3/envs/explaintab311/lib/python3.11/site-packages/sklearn/utils/parallel.py:144: UserWarning: `sklearn.utils.parallel.delayed` should be used with `sklearn.utils.parallel.Parallel` to make it possible to propagate the scikit-learn configuration of the current thread to the joblib workers.
  warnings.warn(
/home/tonyhuh/miniconda3/envs/explaintab311/lib/python3.11/site-packages/sklearn/utils/parallel.py:144: UserWarning: `sklearn.utils.parallel.delayed` should be used with `sklearn.utils.parallel.Parallel` to make it possible to propagate the scikit-learn configuration of the current thread to the joblib workers.
  warnings.warn(
/home/tonyhuh/miniconda3/envs/explaintab311/lib/python3.11/site-packages/sklearn/utils/parallel.py:144: UserWarning: `sklearn.utils.parallel.delayed` should be used with `sklearn.utils.parallel.Parallel` to make it possible to propagate the scikit-learn configuration of the current thread to the joblib workers.
  warnings.warn(
/home/tonyhuh/miniconda3/envs/explaintab311/lib/python3.11/site-packages/sklearn/utils/parallel.py:144: UserWarning: `sklearn.utils.parallel.delayed` should be used with `sklearn.utils.parallel.Parallel` to make it possible to propagate the scikit-learn configuration of the current thread to the joblib workers.
  warnings.warn(
/home/tonyhuh/miniconda3/envs/explaintab311/lib/python3.11/site-packages/sklearn/utils/parallel.py:144: UserWarning: `sklearn.utils.parallel.delayed` should be used with `sklearn.utils.parallel.Parallel` to make it possible to propagate the scikit-learn configuration of the current thread to the joblib workers.
  warnings.warn(
/home/tonyhuh/miniconda3/envs/explaintab311/lib/python3.11/site-packages/sklearn/utils/parallel.py:144: UserWarning: `sklearn.utils.parallel.delayed` should be used with `sklearn.utils.parallel.Parallel` to make it possible to propagate the scikit-learn configuration of the current thread to the joblib workers.
  warnings.warn(
/home/tonyhuh/miniconda3/envs/explaintab311/lib/python3.11/site-packages/sklearn/utils/parallel.py:144: UserWarning: `sklearn.utils.parallel.delayed` should be used with `sklearn.utils.parallel.Parallel` to make it possible to propagate the scikit-learn configuration of the current thread to the joblib workers.
  warnings.warn(
/home/tonyhuh/miniconda3/envs/explaintab311/lib/python3.11/site-packages/sklearn/utils/parallel.py:144: UserWarning: `sklearn.utils.parallel.delayed` should be used with `sklearn.utils.parallel.Parallel` to make it possible to propagate the scikit-learn configuration of the current thread to the joblib workers.
  warnings.warn(
/home/tonyhuh/miniconda3/envs/explaintab311/lib/python3.11/site-packages/sklearn/utils/parallel.py:144: UserWarning: `sklearn.utils.parallel.delayed` should be used with `sklearn.utils.parallel.Parallel` to make it possible to propagate the scikit-learn configuration of the current thread to the joblib workers.
  warnings.warn(
/home/tonyhuh/miniconda3/envs/explaintab311/lib/python3.11/site-packages/sklearn/utils/parallel.py:144: UserWarning: `sklearn.utils.parallel.delayed` should be used with `sklearn.utils.parallel.Parallel` to make it possible to propagate the scikit-learn configuration of the current thread to the joblib workers.
  warnings.warn(
/home/tonyhuh/miniconda3/envs/explaintab311/lib/python3.11/site-packages/sklearn/utils/parallel.py:144: UserWarning: `sklearn.utils.parallel.delayed` should be used with `sklearn.utils.parallel.Parallel` to make it possible to propagate the scikit-learn configuration of the current thread to the joblib workers.
  warnings.warn(
/home/tonyhuh/miniconda3/envs/explaintab311/lib/python3.11/site-packages/sklearn/utils/parallel.py:144: UserWarning: `sklearn.utils.parallel.delayed` should be used with `sklearn.utils.parallel.Parallel` to make it possible to propagate the scikit-learn configuration of the current thread to the joblib workers.
  warnings.warn(
/home/tonyhuh/miniconda3/envs/explaintab311/lib/python3.11/site-packages/sklearn/utils/parallel.py:144: UserWarning: `sklearn.utils.parallel.delayed` should be used with `sklearn.utils.parallel.Parallel` to make it possible to propagate the scikit-learn configuration of the current thread to the joblib workers.
  warnings.warn(
/home/tonyhuh/miniconda3/envs/explaintab311/lib/python3.11/site-packages/sklearn/utils/parallel.py:144: UserWarning: `sklearn.utils.parallel.delayed` should be used with `sklearn.utils.parallel.Parallel` to make it possible to propagate the scikit-learn configuration of the current thread to the joblib workers.
  warnings.warn(
/home/tonyhuh/miniconda3/envs/explaintab311/lib/python3.11/site-packages/sklearn/utils/parallel.py:144: UserWarning: `sklearn.utils.parallel.delayed` should be used with `sklearn.utils.parallel.Parallel` to make it possible to propagate the scikit-learn configuration of the current thread to the joblib workers.
  warnings.warn(
/home/tonyhuh/miniconda3/envs/explaintab311/lib/python3.11/site-packages/sklearn/utils/parallel.py:144: UserWarning: `sklearn.utils.parallel.delayed` should be used with `sklearn.utils.parallel.Parallel` to make it possible to propagate the scikit-learn configuration of the current thread to the joblib workers.
  warnings.warn(
/home/tonyhuh/miniconda3/envs/explaintab311/lib/python3.11/site-packages/sklearn/utils/parallel.py:144: UserWarning: `sklearn.utils.parallel.delayed` should be used with `sklearn.utils.parallel.Parallel` to make it possible to propagate the scikit-learn configuration of the current thread to the joblib workers.
  warnings.warn(
/home/tonyhuh/miniconda3/envs/explaintab311/lib/python3.11/site-packages/sklearn/utils/parallel.py:144: UserWarning: `sklearn.utils.parallel.delayed` should be used with `sklearn.utils.parallel.Parallel` to make it possible to propagate the scikit-learn configuration of the current thread to the joblib workers.
  warnings.warn(
/home/tonyhuh/miniconda3/envs/explaintab311/lib/python3.11/site-packages/sklearn/utils/parallel.py:144: UserWarning: `sklearn.utils.parallel.delayed` should be used with `sklearn.utils.parallel.Parallel` to make it possible to propagate the scikit-learn configuration of the current thread to the joblib workers.
  warnings.warn(
/home/tonyhuh/miniconda3/envs/explaintab311/lib/python3.11/site-packages/sklearn/utils/parallel.py:144: UserWarning: `sklearn.utils.parallel.delayed` should be used with `sklearn.utils.parallel.Parallel` to make it possible to propagate the scikit-learn configuration of the current thread to the joblib workers.
  warnings.warn(
/home/tonyhuh/miniconda3/envs/explaintab311/lib/python3.11/site-packages/sklearn/utils/parallel.py:144: UserWarning: `sklearn.utils.parallel.delayed` should be used with `sklearn.utils.parallel.Parallel` to make it possible to propagate the scikit-learn configuration of the current thread to the joblib workers.
  warnings.warn(
/home/tonyhuh/miniconda3/envs/explaintab311/lib/python3.11/site-packages/sklearn/utils/parallel.py:144: UserWarning: `sklearn.utils.parallel.delayed` should be used with `sklearn.utils.parallel.Parallel` to make it possible to propagate the scikit-learn configuration of the current thread to the joblib workers.
  warnings.warn(
/home/tonyhuh/miniconda3/envs/explaintab311/lib/python3.11/site-packages/sklearn/utils/parallel.py:144: UserWarning: `sklearn.utils.parallel.delayed` should be used with `sklearn.utils.parallel.Parallel` to make it possible to propagate the scikit-learn configuration of the current thread to the joblib workers.
  warnings.warn(
/home/tonyhuh/miniconda3/envs/explaintab311/lib/python3.11/site-packages/sklearn/utils/parallel.py:144: UserWarning: `sklearn.utils.parallel.delayed` should be used with `sklearn.utils.parallel.Parallel` to make it possible to propagate the scikit-learn configuration of the current thread to the joblib workers.
  warnings.warn(
/home/tonyhuh/miniconda3/envs/explaintab311/lib/python3.11/site-packages/sklearn/utils/parallel.py:144: UserWarning: `sklearn.utils.parallel.delayed` should be used with `sklearn.utils.parallel.Parallel` to make it possible to propagate the scikit-learn configuration of the current thread to the joblib workers.
  warnings.warn(
/home/tonyhuh/miniconda3/envs/explaintab311/lib/python3.11/site-packages/sklearn/utils/parallel.py:144: UserWarning: `sklearn.utils.parallel.delayed` should be used with `sklearn.utils.parallel.Parallel` to make it possible to propagate the scikit-learn configuration of the current thread to the joblib workers.
  warnings.warn(
/home/tonyhuh/miniconda3/envs/explaintab311/lib/python3.11/site-packages/sklearn/utils/parallel.py:144: UserWarning: `sklearn.utils.parallel.delayed` should be used with `sklearn.utils.parallel.Parallel` to make it possible to propagate the scikit-learn configuration of the current thread to the joblib workers.
  warnings.warn(
/home/tonyhuh/miniconda3/envs/explaintab311/lib/python3.11/site-packages/sklearn/utils/parallel.py:144: UserWarning: `sklearn.utils.parallel.delayed` should be used with `sklearn.utils.parallel.Parallel` to make it possible to propagate the scikit-learn configuration of the current thread to the joblib workers.
  warnings.warn(
/home/tonyhuh/miniconda3/envs/explaintab311/lib/python3.11/site-packages/sklearn/utils/parallel.py:144: UserWarning: `sklearn.utils.parallel.delayed` should be used with `sklearn.utils.parallel.Parallel` to make it possible to propagate the scikit-learn configuration of the current thread to the joblib workers.
  warnings.warn(
/home/tonyhuh/miniconda3/envs/explaintab311/lib/python3.11/site-packages/sklearn/utils/parallel.py:144: UserWarning: `sklearn.utils.parallel.delayed` should be used with `sklearn.utils.parallel.Parallel` to make it possible to propagate the scikit-learn configuration of the current thread to the joblib workers.
  warnings.warn(
/home/tonyhuh/miniconda3/envs/explaintab311/lib/python3.11/site-packages/sklearn/utils/parallel.py:144: UserWarning: `sklearn.utils.parallel.delayed` should be used with `sklearn.utils.parallel.Parallel` to make it possible to propagate the scikit-learn configuration of the current thread to the joblib workers.
  warnings.warn(
/home/tonyhuh/miniconda3/envs/explaintab311/lib/python3.11/site-packages/sklearn/utils/parallel.py:144: UserWarning: `sklearn.utils.parallel.delayed` should be used with `sklearn.utils.parallel.Parallel` to make it possible to propagate the scikit-learn configuration of the current thread to the joblib workers.
  warnings.warn(
/home/tonyhuh/miniconda3/envs/explaintab311/lib/python3.11/site-packages/sklearn/utils/parallel.py:144: UserWarning: `sklearn.utils.parallel.delayed` should be used with `sklearn.utils.parallel.Parallel` to make it possible to propagate the scikit-learn configuration of the current thread to the joblib workers.
  warnings.warn(
/home/tonyhuh/miniconda3/envs/explaintab311/lib/python3.11/site-packages/sklearn/utils/parallel.py:144: UserWarning: `sklearn.utils.parallel.delayed` should be used with `sklearn.utils.parallel.Parallel` to make it possible to propagate the scikit-learn configuration of the current thread to the joblib workers.
  warnings.warn(
/home/tonyhuh/miniconda3/envs/explaintab311/lib/python3.11/site-packages/sklearn/utils/parallel.py:144: UserWarning: `sklearn.utils.parallel.delayed` should be used with `sklearn.utils.parallel.Parallel` to make it possible to propagate the scikit-learn configuration of the current thread to the joblib workers.
  warnings.warn(
/home/tonyhuh/miniconda3/envs/explaintab311/lib/python3.11/site-packages/sklearn/utils/parallel.py:144: UserWarning: `sklearn.utils.parallel.delayed` should be used with `sklearn.utils.parallel.Parallel` to make it possible to propagate the scikit-learn configuration of the current thread to the joblib workers.
  warnings.warn(
/home/tonyhuh/miniconda3/envs/explaintab311/lib/python3.11/site-packages/sklearn/utils/parallel.py:144: UserWarning: `sklearn.utils.parallel.delayed` should be used with `sklearn.utils.parallel.Parallel` to make it possible to propagate the scikit-learn configuration of the current thread to the joblib workers.
  warnings.warn(
/home/tonyhuh/miniconda3/envs/explaintab311/lib/python3.11/site-packages/sklearn/utils/parallel.py:144: UserWarning: `sklearn.utils.parallel.delayed` should be used with `sklearn.utils.parallel.Parallel` to make it possible to propagate the scikit-learn configuration of the current thread to the joblib workers.
  warnings.warn(
/home/tonyhuh/miniconda3/envs/explaintab311/lib/python3.11/site-packages/sklearn/utils/parallel.py:144: UserWarning: `sklearn.utils.parallel.delayed` should be used with `sklearn.utils.parallel.Parallel` to make it possible to propagate the scikit-learn configuration of the current thread to the joblib workers.
  warnings.warn(
/home/tonyhuh/miniconda3/envs/explaintab311/lib/python3.11/site-packages/sklearn/utils/parallel.py:144: UserWarning: `sklearn.utils.parallel.delayed` should be used with `sklearn.utils.parallel.Parallel` to make it possible to propagate the scikit-learn configuration of the current thread to the joblib workers.
  warnings.warn(
/home/tonyhuh/miniconda3/envs/explaintab311/lib/python3.11/site-packages/sklearn/utils/parallel.py:144: UserWarning: `sklearn.utils.parallel.delayed` should be used with `sklearn.utils.parallel.Parallel` to make it possible to propagate the scikit-learn configuration of the current thread to the joblib workers.
  warnings.warn(
/home/tonyhuh/miniconda3/envs/explaintab311/lib/python3.11/site-packages/sklearn/utils/parallel.py:144: UserWarning: `sklearn.utils.parallel.delayed` should be used with `sklearn.utils.parallel.Parallel` to make it possible to propagate the scikit-learn configuration of the current thread to the joblib workers.
  warnings.warn(
/home/tonyhuh/miniconda3/envs/explaintab311/lib/python3.11/site-packages/sklearn/utils/parallel.py:144: UserWarning: `sklearn.utils.parallel.delayed` should be used with `sklearn.utils.parallel.Parallel` to make it possible to propagate the scikit-learn configuration of the current thread to the joblib workers.
  warnings.warn(
/home/tonyhuh/miniconda3/envs/explaintab311/lib/python3.11/site-packages/sklearn/utils/parallel.py:144: UserWarning: `sklearn.utils.parallel.delayed` should be used with `sklearn.utils.parallel.Parallel` to make it possible to propagate the scikit-learn configuration of the current thread to the joblib workers.
  warnings.warn(
/home/tonyhuh/miniconda3/envs/explaintab311/lib/python3.11/site-packages/sklearn/utils/parallel.py:144: UserWarning: `sklearn.utils.parallel.delayed` should be used with `sklearn.utils.parallel.Parallel` to make it possible to propagate the scikit-learn configuration of the current thread to the joblib workers.
  warnings.warn(
/home/tonyhuh/miniconda3/envs/explaintab311/lib/python3.11/site-packages/sklearn/utils/parallel.py:144: UserWarning: `sklearn.utils.parallel.delayed` should be used with `sklearn.utils.parallel.Parallel` to make it possible to propagate the scikit-learn configuration of the current thread to the joblib workers.
  warnings.warn(
/home/tonyhuh/miniconda3/envs/explaintab311/lib/python3.11/site-packages/sklearn/utils/parallel.py:144: UserWarning: `sklearn.utils.parallel.delayed` should be used with `sklearn.utils.parallel.Parallel` to make it possible to propagate the scikit-learn configuration of the current thread to the joblib workers.
  warnings.warn(
/home/tonyhuh/miniconda3/envs/explaintab311/lib/python3.11/site-packages/sklearn/utils/parallel.py:144: UserWarning: `sklearn.utils.parallel.delayed` should be used with `sklearn.utils.parallel.Parallel` to make it possible to propagate the scikit-learn configuration of the current thread to the joblib workers.
  warnings.warn(
/home/tonyhuh/miniconda3/envs/explaintab311/lib/python3.11/site-packages/sklearn/utils/parallel.py:144: UserWarning: `sklearn.utils.parallel.delayed` should be used with `sklearn.utils.parallel.Parallel` to make it possible to propagate the scikit-learn configuration of the current thread to the joblib workers.
  warnings.warn(
/home/tonyhuh/miniconda3/envs/explaintab311/lib/python3.11/site-packages/sklearn/utils/parallel.py:144: UserWarning: `sklearn.utils.parallel.delayed` should be used with `sklearn.utils.parallel.Parallel` to make it possible to propagate the scikit-learn configuration of the current thread to the joblib workers.
  warnings.warn(
/home/tonyhuh/miniconda3/envs/explaintab311/lib/python3.11/site-packages/sklearn/utils/parallel.py:144: UserWarning: `sklearn.utils.parallel.delayed` should be used with `sklearn.utils.parallel.Parallel` to make it possible to propagate the scikit-learn configuration of the current thread to the joblib workers.
  warnings.warn(
/home/tonyhuh/miniconda3/envs/explaintab311/lib/python3.11/site-packages/sklearn/utils/parallel.py:144: UserWarning: `sklearn.utils.parallel.delayed` should be used with `sklearn.utils.parallel.Parallel` to make it possible to propagate the scikit-learn configuration of the current thread to the joblib workers.
  warnings.warn(
/home/tonyhuh/miniconda3/envs/explaintab311/lib/python3.11/site-packages/sklearn/utils/parallel.py:144: UserWarning: `sklearn.utils.parallel.delayed` should be used with `sklearn.utils.parallel.Parallel` to make it possible to propagate the scikit-learn configuration of the current thread to the joblib workers.
  warnings.warn(
/home/tonyhuh/miniconda3/envs/explaintab311/lib/python3.11/site-packages/sklearn/utils/parallel.py:144: UserWarning: `sklearn.utils.parallel.delayed` should be used with `sklearn.utils.parallel.Parallel` to make it possible to propagate the scikit-learn configuration of the current thread to the joblib workers.
  warnings.warn(
/home/tonyhuh/miniconda3/envs/explaintab311/lib/python3.11/site-packages/sklearn/utils/parallel.py:144: UserWarning: `sklearn.utils.parallel.delayed` should be used with `sklearn.utils.parallel.Parallel` to make it possible to propagate the scikit-learn configuration of the current thread to the joblib workers.
  warnings.warn(
/home/tonyhuh/miniconda3/envs/explaintab311/lib/python3.11/site-packages/sklearn/utils/parallel.py:144: UserWarning: `sklearn.utils.parallel.delayed` should be used with `sklearn.utils.parallel.Parallel` to make it possible to propagate the scikit-learn configuration of the current thread to the joblib workers.
  warnings.warn(
/home/tonyhuh/miniconda3/envs/explaintab311/lib/python3.11/site-packages/sklearn/utils/parallel.py:144: UserWarning: `sklearn.utils.parallel.delayed` should be used with `sklearn.utils.parallel.Parallel` to make it possible to propagate the scikit-learn configuration of the current thread to the joblib workers.
  warnings.warn(
/home/tonyhuh/miniconda3/envs/explaintab311/lib/python3.11/site-packages/sklearn/utils/parallel.py:144: UserWarning: `sklearn.utils.parallel.delayed` should be used with `sklearn.utils.parallel.Parallel` to make it possible to propagate the scikit-learn configuration of the current thread to the joblib workers.
  warnings.warn(
/home/tonyhuh/miniconda3/envs/explaintab311/lib/python3.11/site-packages/sklearn/utils/parallel.py:144: UserWarning: `sklearn.utils.parallel.delayed` should be used with `sklearn.utils.parallel.Parallel` to make it possible to propagate the scikit-learn configuration of the current thread to the joblib workers.
  warnings.warn(
/home/tonyhuh/miniconda3/envs/explaintab311/lib/python3.11/site-packages/sklearn/utils/parallel.py:144: UserWarning: `sklearn.utils.parallel.delayed` should be used with `sklearn.utils.parallel.Parallel` to make it possible to propagate the scikit-learn configuration of the current thread to the joblib workers.
  warnings.warn(
/home/tonyhuh/miniconda3/envs/explaintab311/lib/python3.11/site-packages/sklearn/utils/parallel.py:144: UserWarning: `sklearn.utils.parallel.delayed` should be used with `sklearn.utils.parallel.Parallel` to make it possible to propagate the scikit-learn configuration of the current thread to the joblib workers.
  warnings.warn(
/home/tonyhuh/miniconda3/envs/explaintab311/lib/python3.11/site-packages/sklearn/utils/parallel.py:144: UserWarning: `sklearn.utils.parallel.delayed` should be used with `sklearn.utils.parallel.Parallel` to make it possible to propagate the scikit-learn configuration of the current thread to the joblib workers.
  warnings.warn(
/home/tonyhuh/miniconda3/envs/explaintab311/lib/python3.11/site-packages/sklearn/utils/parallel.py:144: UserWarning: `sklearn.utils.parallel.delayed` should be used with `sklearn.utils.parallel.Parallel` to make it possible to propagate the scikit-learn configuration of the current thread to the joblib workers.
  warnings.warn(
/home/tonyhuh/miniconda3/envs/explaintab311/lib/python3.11/site-packages/sklearn/utils/parallel.py:144: UserWarning: `sklearn.utils.parallel.delayed` should be used with `sklearn.utils.parallel.Parallel` to make it possible to propagate the scikit-learn configuration of the current thread to the joblib workers.
  warnings.warn(
/home/tonyhuh/miniconda3/envs/explaintab311/lib/python3.11/site-packages/sklearn/utils/parallel.py:144: UserWarning: `sklearn.utils.parallel.delayed` should be used with `sklearn.utils.parallel.Parallel` to make it possible to propagate the scikit-learn configuration of the current thread to the joblib workers.
  warnings.warn(
/home/tonyhuh/miniconda3/envs/explaintab311/lib/python3.11/site-packages/sklearn/utils/parallel.py:144: UserWarning: `sklearn.utils.parallel.delayed` should be used with `sklearn.utils.parallel.Parallel` to make it possible to propagate the scikit-learn configuration of the current thread to the joblib workers.
  warnings.warn(
/home/tonyhuh/miniconda3/envs/explaintab311/lib/python3.11/site-packages/sklearn/utils/parallel.py:144: UserWarning: `sklearn.utils.parallel.delayed` should be used with `sklearn.utils.parallel.Parallel` to make it possible to propagate the scikit-learn configuration of the current thread to the joblib workers.
  warnings.warn(
/home/tonyhuh/miniconda3/envs/explaintab311/lib/python3.11/site-packages/sklearn/utils/parallel.py:144: UserWarning: `sklearn.utils.parallel.delayed` should be used with `sklearn.utils.parallel.Parallel` to make it possible to propagate the scikit-learn configuration of the current thread to the joblib workers.
  warnings.warn(
/home/tonyhuh/miniconda3/envs/explaintab311/lib/python3.11/site-packages/sklearn/utils/parallel.py:144: UserWarning: `sklearn.utils.parallel.delayed` should be used with `sklearn.utils.parallel.Parallel` to make it possible to propagate the scikit-learn configuration of the current thread to the joblib workers.
  warnings.warn(
/home/tonyhuh/miniconda3/envs/explaintab311/lib/python3.11/site-packages/sklearn/utils/parallel.py:144: UserWarning: `sklearn.utils.parallel.delayed` should be used with `sklearn.utils.parallel.Parallel` to make it possible to propagate the scikit-learn configuration of the current thread to the joblib workers.
  warnings.warn(
/home/tonyhuh/miniconda3/envs/explaintab311/lib/python3.11/site-packages/sklearn/utils/parallel.py:144: UserWarning: `sklearn.utils.parallel.delayed` should be used with `sklearn.utils.parallel.Parallel` to make it possible to propagate the scikit-learn configuration of the current thread to the joblib workers.
  warnings.warn(
/home/tonyhuh/miniconda3/envs/explaintab311/lib/python3.11/site-packages/sklearn/utils/parallel.py:144: UserWarning: `sklearn.utils.parallel.delayed` should be used with `sklearn.utils.parallel.Parallel` to make it possible to propagate the scikit-learn configuration of the current thread to the joblib workers.
  warnings.warn(
/home/tonyhuh/miniconda3/envs/explaintab311/lib/python3.11/site-packages/sklearn/utils/parallel.py:144: UserWarning: `sklearn.utils.parallel.delayed` should be used with `sklearn.utils.parallel.Parallel` to make it possible to propagate the scikit-learn configuration of the current thread to the joblib workers.
  warnings.warn(
/home/tonyhuh/miniconda3/envs/explaintab311/lib/python3.11/site-packages/sklearn/utils/parallel.py:144: UserWarning: `sklearn.utils.parallel.delayed` should be used with `sklearn.utils.parallel.Parallel` to make it possible to propagate the scikit-learn configuration of the current thread to the joblib workers.
  warnings.warn(
/home/tonyhuh/miniconda3/envs/explaintab311/lib/python3.11/site-packages/sklearn/utils/parallel.py:144: UserWarning: `sklearn.utils.parallel.delayed` should be used with `sklearn.utils.parallel.Parallel` to make it possible to propagate the scikit-learn configuration of the current thread to the joblib workers.
  warnings.warn(
/home/tonyhuh/miniconda3/envs/explaintab311/lib/python3.11/site-packages/sklearn/utils/parallel.py:144: UserWarning: `sklearn.utils.parallel.delayed` should be used with `sklearn.utils.parallel.Parallel` to make it possible to propagate the scikit-learn configuration of the current thread to the joblib workers.
  warnings.warn(
/home/tonyhuh/miniconda3/envs/explaintab311/lib/python3.11/site-packages/sklearn/utils/parallel.py:144: UserWarning: `sklearn.utils.parallel.delayed` should be used with `sklearn.utils.parallel.Parallel` to make it possible to propagate the scikit-learn configuration of the current thread to the joblib workers.
  warnings.warn(
/home/tonyhuh/miniconda3/envs/explaintab311/lib/python3.11/site-packages/sklearn/utils/parallel.py:144: UserWarning: `sklearn.utils.parallel.delayed` should be used with `sklearn.utils.parallel.Parallel` to make it possible to propagate the scikit-learn configuration of the current thread to the joblib workers.
  warnings.warn(
/home/tonyhuh/miniconda3/envs/explaintab311/lib/python3.11/site-packages/sklearn/utils/parallel.py:144: UserWarning: `sklearn.utils.parallel.delayed` should be used with `sklearn.utils.parallel.Parallel` to make it possible to propagate the scikit-learn configuration of the current thread to the joblib workers.
  warnings.warn(
/home/tonyhuh/miniconda3/envs/explaintab311/lib/python3.11/site-packages/sklearn/utils/parallel.py:144: UserWarning: `sklearn.utils.parallel.delayed` should be used with `sklearn.utils.parallel.Parallel` to make it possible to propagate the scikit-learn configuration of the current thread to the joblib workers.
  warnings.warn(
/home/tonyhuh/miniconda3/envs/explaintab311/lib/python3.11/site-packages/sklearn/utils/parallel.py:144: UserWarning: `sklearn.utils.parallel.delayed` should be used with `sklearn.utils.parallel.Parallel` to make it possible to propagate the scikit-learn configuration of the current thread to the joblib workers.
  warnings.warn(
/home/tonyhuh/miniconda3/envs/explaintab311/lib/python3.11/site-packages/sklearn/utils/parallel.py:144: UserWarning: `sklearn.utils.parallel.delayed` should be used with `sklearn.utils.parallel.Parallel` to make it possible to propagate the scikit-learn configuration of the current thread to the joblib workers.
  warnings.warn(
/home/tonyhuh/miniconda3/envs/explaintab311/lib/python3.11/site-packages/sklearn/utils/parallel.py:144: UserWarning: `sklearn.utils.parallel.delayed` should be used with `sklearn.utils.parallel.Parallel` to make it possible to propagate the scikit-learn configuration of the current thread to the joblib workers.
  warnings.warn(
/home/tonyhuh/miniconda3/envs/explaintab311/lib/python3.11/site-packages/sklearn/utils/parallel.py:144: UserWarning: `sklearn.utils.parallel.delayed` should be used with `sklearn.utils.parallel.Parallel` to make it possible to propagate the scikit-learn configuration of the current thread to the joblib workers.
  warnings.warn(
/home/tonyhuh/miniconda3/envs/explaintab311/lib/python3.11/site-packages/sklearn/utils/parallel.py:144: UserWarning: `sklearn.utils.parallel.delayed` should be used with `sklearn.utils.parallel.Parallel` to make it possible to propagate the scikit-learn configuration of the current thread to the joblib workers.
  warnings.warn(
/home/tonyhuh/miniconda3/envs/explaintab311/lib/python3.11/site-packages/sklearn/utils/parallel.py:144: UserWarning: `sklearn.utils.parallel.delayed` should be used with `sklearn.utils.parallel.Parallel` to make it possible to propagate the scikit-learn configuration of the current thread to the joblib workers.
  warnings.warn(
/home/tonyhuh/miniconda3/envs/explaintab311/lib/python3.11/site-packages/sklearn/utils/parallel.py:144: UserWarning: `sklearn.utils.parallel.delayed` should be used with `sklearn.utils.parallel.Parallel` to make it possible to propagate the scikit-learn configuration of the current thread to the joblib workers.
  warnings.warn(
/home/tonyhuh/miniconda3/envs/explaintab311/lib/python3.11/site-packages/sklearn/utils/parallel.py:144: UserWarning: `sklearn.utils.parallel.delayed` should be used with `sklearn.utils.parallel.Parallel` to make it possible to propagate the scikit-learn configuration of the current thread to the joblib workers.
  warnings.warn(
/home/tonyhuh/miniconda3/envs/explaintab311/lib/python3.11/site-packages/sklearn/utils/parallel.py:144: UserWarning: `sklearn.utils.parallel.delayed` should be used with `sklearn.utils.parallel.Parallel` to make it possible to propagate the scikit-learn configuration of the current thread to the joblib workers.
  warnings.warn(
/home/tonyhuh/miniconda3/envs/explaintab311/lib/python3.11/site-packages/sklearn/utils/parallel.py:144: UserWarning: `sklearn.utils.parallel.delayed` should be used with `sklearn.utils.parallel.Parallel` to make it possible to propagate the scikit-learn configuration of the current thread to the joblib workers.
  warnings.warn(
/home/tonyhuh/miniconda3/envs/explaintab311/lib/python3.11/site-packages/sklearn/utils/parallel.py:144: UserWarning: `sklearn.utils.parallel.delayed` should be used with `sklearn.utils.parallel.Parallel` to make it possible to propagate the scikit-learn configuration of the current thread to the joblib workers.
  warnings.warn(
/home/tonyhuh/miniconda3/envs/explaintab311/lib/python3.11/site-packages/sklearn/utils/parallel.py:144: UserWarning: `sklearn.utils.parallel.delayed` should be used with `sklearn.utils.parallel.Parallel` to make it possible to propagate the scikit-learn configuration of the current thread to the joblib workers.
  warnings.warn(
/home/tonyhuh/miniconda3/envs/explaintab311/lib/python3.11/site-packages/sklearn/utils/parallel.py:144: UserWarning: `sklearn.utils.parallel.delayed` should be used with `sklearn.utils.parallel.Parallel` to make it possible to propagate the scikit-learn configuration of the current thread to the joblib workers.
  warnings.warn(
/home/tonyhuh/miniconda3/envs/explaintab311/lib/python3.11/site-packages/sklearn/utils/parallel.py:144: UserWarning: `sklearn.utils.parallel.delayed` should be used with `sklearn.utils.parallel.Parallel` to make it possible to propagate the scikit-learn configuration of the current thread to the joblib workers.
  warnings.warn(
/home/tonyhuh/miniconda3/envs/explaintab311/lib/python3.11/site-packages/sklearn/utils/parallel.py:144: UserWarning: `sklearn.utils.parallel.delayed` should be used with `sklearn.utils.parallel.Parallel` to make it possible to propagate the scikit-learn configuration of the current thread to the joblib workers.
  warnings.warn(
/home/tonyhuh/miniconda3/envs/explaintab311/lib/python3.11/site-packages/sklearn/utils/parallel.py:144: UserWarning: `sklearn.utils.parallel.delayed` should be used with `sklearn.utils.parallel.Parallel` to make it possible to propagate the scikit-learn configuration of the current thread to the joblib workers.
  warnings.warn(
/home/tonyhuh/miniconda3/envs/explaintab311/lib/python3.11/site-packages/sklearn/utils/parallel.py:144: UserWarning: `sklearn.utils.parallel.delayed` should be used with `sklearn.utils.parallel.Parallel` to make it possible to propagate the scikit-learn configuration of the current thread to the joblib workers.
  warnings.warn(
/home/tonyhuh/miniconda3/envs/explaintab311/lib/python3.11/site-packages/sklearn/utils/parallel.py:144: UserWarning: `sklearn.utils.parallel.delayed` should be used with `sklearn.utils.parallel.Parallel` to make it possible to propagate the scikit-learn configuration of the current thread to the joblib workers.
  warnings.warn(
/home/tonyhuh/miniconda3/envs/explaintab311/lib/python3.11/site-packages/sklearn/utils/parallel.py:144: UserWarning: `sklearn.utils.parallel.delayed` should be used with `sklearn.utils.parallel.Parallel` to make it possible to propagate the scikit-learn configuration of the current thread to the joblib workers.
  warnings.warn(
/home/tonyhuh/miniconda3/envs/explaintab311/lib/python3.11/site-packages/sklearn/utils/parallel.py:144: UserWarning: `sklearn.utils.parallel.delayed` should be used with `sklearn.utils.parallel.Parallel` to make it possible to propagate the scikit-learn configuration of the current thread to the joblib workers.
  warnings.warn(
/home/tonyhuh/miniconda3/envs/explaintab311/lib/python3.11/site-packages/sklearn/utils/parallel.py:144: UserWarning: `sklearn.utils.parallel.delayed` should be used with `sklearn.utils.parallel.Parallel` to make it possible to propagate the scikit-learn configuration of the current thread to the joblib workers.
  warnings.warn(
/home/tonyhuh/miniconda3/envs/explaintab311/lib/python3.11/site-packages/sklearn/utils/parallel.py:144: UserWarning: `sklearn.utils.parallel.delayed` should be used with `sklearn.utils.parallel.Parallel` to make it possible to propagate the scikit-learn configuration of the current thread to the joblib workers.
  warnings.warn(
/home/tonyhuh/miniconda3/envs/explaintab311/lib/python3.11/site-packages/sklearn/utils/parallel.py:144: UserWarning: `sklearn.utils.parallel.delayed` should be used with `sklearn.utils.parallel.Parallel` to make it possible to propagate the scikit-learn configuration of the current thread to the joblib workers.
  warnings.warn(
/home/tonyhuh/miniconda3/envs/explaintab311/lib/python3.11/site-packages/sklearn/utils/parallel.py:144: UserWarning: `sklearn.utils.parallel.delayed` should be used with `sklearn.utils.parallel.Parallel` to make it possible to propagate the scikit-learn configuration of the current thread to the joblib workers.
  warnings.warn(
/home/tonyhuh/miniconda3/envs/explaintab311/lib/python3.11/site-packages/sklearn/utils/parallel.py:144: UserWarning: `sklearn.utils.parallel.delayed` should be used with `sklearn.utils.parallel.Parallel` to make it possible to propagate the scikit-learn configuration of the current thread to the joblib workers.
  warnings.warn(
/home/tonyhuh/miniconda3/envs/explaintab311/lib/python3.11/site-packages/sklearn/utils/parallel.py:144: UserWarning: `sklearn.utils.parallel.delayed` should be used with `sklearn.utils.parallel.Parallel` to make it possible to propagate the scikit-learn configuration of the current thread to the joblib workers.
  warnings.warn(
/home/tonyhuh/miniconda3/envs/explaintab311/lib/python3.11/site-packages/sklearn/utils/parallel.py:144: UserWarning: `sklearn.utils.parallel.delayed` should be used with `sklearn.utils.parallel.Parallel` to make it possible to propagate the scikit-learn configuration of the current thread to the joblib workers.
  warnings.warn(
/home/tonyhuh/miniconda3/envs/explaintab311/lib/python3.11/site-packages/sklearn/utils/parallel.py:144: UserWarning: `sklearn.utils.parallel.delayed` should be used with `sklearn.utils.parallel.Parallel` to make it possible to propagate the scikit-learn configuration of the current thread to the joblib workers.
  warnings.warn(
/home/tonyhuh/miniconda3/envs/explaintab311/lib/python3.11/site-packages/sklearn/utils/parallel.py:144: UserWarning: `sklearn.utils.parallel.delayed` should be used with `sklearn.utils.parallel.Parallel` to make it possible to propagate the scikit-learn configuration of the current thread to the joblib workers.
  warnings.warn(
/home/tonyhuh/miniconda3/envs/explaintab311/lib/python3.11/site-packages/sklearn/utils/parallel.py:144: UserWarning: `sklearn.utils.parallel.delayed` should be used with `sklearn.utils.parallel.Parallel` to make it possible to propagate the scikit-learn configuration of the current thread to the joblib workers.
  warnings.warn(
/home/tonyhuh/miniconda3/envs/explaintab311/lib/python3.11/site-packages/sklearn/utils/parallel.py:144: UserWarning: `sklearn.utils.parallel.delayed` should be used with `sklearn.utils.parallel.Parallel` to make it possible to propagate the scikit-learn configuration of the current thread to the joblib workers.
  warnings.warn(
/home/tonyhuh/miniconda3/envs/explaintab311/lib/python3.11/site-packages/sklearn/utils/parallel.py:144: UserWarning: `sklearn.utils.parallel.delayed` should be used with `sklearn.utils.parallel.Parallel` to make it possible to propagate the scikit-learn configuration of the current thread to the joblib workers.
  warnings.warn(

==== DEPLOYMENT-DECAY probe (rolling-origin: train past -> predict future) ====
  [sberbank_housing] task=regression feats=392 n=18847
  sberbank_housing     W=10 D=1.000 gate=2.03! stale=+0.035[+0.022,+0.048] den=-0.005[-0.010,+0.001] => NOISE-DRIFT-CONFOUNDED  [TRUST: proxy-stripped:1]
  [homesite_insurance] task=binclass feats=299 n=224320
  homesite_insurance   W=10 D=1.000 gate=1.23 stale=-0.006[-0.007,-0.005] den=+0.005[+0.004,+0.006] => UNIDENTIFIABLE-EXPLOITABLE  [TRUST: proxy-stripped:3;injection-vacuous]
  [ecom_offers] task=binclass feats=119 n=109341
  ecom_offers          W=10 D=1.000 gate=1.28 stale=+0.004[-0.001,+0.009] den=+0.001[-0.004,+0.006] => UNIDENTIFIABLE-EXPLOITABLE  [TRUST: injection-vacuous]
  [homecredit_default] task=binclass feats=696 n=267645
  homecredit_default   W=10 D=1.000 gate=1.21 stale=-0.004[-0.006,-0.002] den=+0.014[+0.012,+0.017] => UNIDENTIFIABLE-EXPLOITABLE  [TRUST: proxy-stripped:80;injection-vacuous]
  [cooking_time] task=regression feats=192 n=227087
  cooking_time         W=10 D=0.962 gate=0.92 stale=-0.001[-0.002,-0.000] den=-0.002[-0.003,-0.001] => INJECTION-RECOVERED  [TRUST: injection-recovered]
  [delivery_eta] task=regression feats=223 n=279415
  delivery_eta         W=10 D=0.999 gate=0.89 stale=-0.002[-0.003,-0.001] den=+0.001[+0.000,+0.002] => INJECTION-RECOVERED  [TRUST: proxy-stripped:5;injection-recovered]
  [maps_routing] task=regression feats=986 n=160019
  maps_routing         W=10 D=0.589 gate=1.00 stale=-0.004[-0.004,-0.003] den=-0.002[-0.002,-0.001] => NO-STRONG-CONCEPT
  [weather] task=regression feats=103 n=340596
  weather              W=10 D=0.982 gate=0.92 stale=-0.008[-0.008,-0.008] den=-0.002[-0.003,-0.001] => UNIDENTIFIABLE-EXPLOITABLE  [TRUST: proxy-stripped:3;injection-vacuous]

  v3 READ (PREREG_DEPLOYMENT_V2.md): DEPLOYMENT-CONCEPT needs the DENOISED arm within the
  noise envelope; raw-only positives are NOISE-DRIFT-CONFOUNDED or RAW-ONLY-POSITIVE, never
  concept. All verdicts are tree-ensemble-class-scoped; D = window separability, not overlap.

  wrote results/phase1/deployment_decay/summary_20260704T115925_5f3217d.json  (+ summary_latest.json)  <-- send me this
[run ] python scripts/run_deployment_decay.py --elec2 --n-seeds 10 --model rf (2026-07-04T11:59:25Z)

==== DEPLOYMENT-DECAY probe (rolling-origin: train past -> predict future) ====
  [elec2] task=binclass feats=7 n=45312
  elec2                W=10 D=1.000 gate=0.65 stale=-0.001[-0.003,+0.001] den=-0.001[-0.003,+0.000] => UNIDENTIFIABLE-EXPLOITABLE  [TRUST: autocorr-risk;unident-earned]

  v3 READ (PREREG_DEPLOYMENT_V2.md): DEPLOYMENT-CONCEPT needs the DENOISED arm within the
  noise envelope; raw-only positives are NOISE-DRIFT-CONFOUNDED or RAW-ONLY-POSITIVE, never
  concept. All verdicts are tree-ensemble-class-scoped; D = window separability, not overlap.

  wrote results/phase1/deployment_decay/summary_20260704T121141_5f3217d.json  (+ summary_latest.json)  <-- send me this
[run ] python scripts/run_deployment_decay.py --insects --n-seeds 10 --model rf (2026-07-04T12:11:41Z)

==== DEPLOYMENT-DECAY probe (rolling-origin: train past -> predict future) ====
  [insects_incremental_balanced] task=multiclass feats=33 n=57018
  insects_incremental_ W=10 D=0.840 gate=1.28 stale=+0.128[+0.118,+0.138] den=+0.165[+0.153,+0.176] => DEPLOYMENT-CONCEPT

  v3 READ (PREREG_DEPLOYMENT_V2.md): DEPLOYMENT-CONCEPT needs the DENOISED arm within the
  noise envelope; raw-only positives are NOISE-DRIFT-CONFOUNDED or RAW-ONLY-POSITIVE, never
  concept. All verdicts are tree-ensemble-class-scoped; D = window separability, not overlap.

  wrote results/phase1/deployment_decay/summary_20260704T122855_5f3217d.json  (+ summary_latest.json)  <-- send me this
[run ] python scripts/run_deployment_decay.py --tabred sberbank_housing homesite_insurance ecom_offers homecredit_default cooking_time delivery_eta maps_routing weather --config configs/phase1.yaml --n-seeds 10 --model linear (2026-07-04T12:28:56Z)

==== DEPLOYMENT-DECAY probe (rolling-origin: train past -> predict future) ====
  [sberbank_housing] task=regression feats=392 n=18847
  sberbank_housing     W=10 D=1.000 gate=3.40! stale=+0.852[-1.151,+2.855] den=+0.522[-1.329,+2.373] => UNIDENTIFIABLE-EXPLOITABLE  [TRUST: proxy-stripped:1;unident-earned]
  [homesite_insurance] task=binclass feats=299 n=224320
  homesite_insurance   W=10 D=1.000 gate=1.07 stale=-0.005[-0.006,-0.004] den=-0.003[-0.004,-0.002] => INJECTION-RECOVERED  [TRUST: proxy-stripped:3;injection-recovered]
  [ecom_offers] task=binclass feats=119 n=109341
  ecom_offers          W=10 D=1.000 gate=1.31 stale=-0.002[-0.006,+0.002] den=+0.028[+0.021,+0.034] => DEPLOYMENT-CONCEPT  [TRUST: d-gate-invalid;injection-vacuous]
  [homecredit_default] task=binclass feats=696 n=267645
  homecredit_default   W=10 D=0.998 gate=1.20 stale=-0.038[-0.045,-0.032] den=-0.020[-0.025,-0.016] => UNIDENTIFIABLE-INERT  [TRUST: proxy-stripped:80;injection-vacuous]
  [cooking_time] task=regression feats=192 n=227087
  cooking_time         W=10 D=0.924 gate=0.93 stale=-0.342[-0.529,-0.155] den=-0.397[-0.577,-0.218] => NO-STRONG-CONCEPT
  [delivery_eta] task=regression feats=223 n=279415
  delivery_eta         W=10 D=0.998 gate=0.90 stale=-0.060[-0.088,-0.033] den=-0.062[-0.090,-0.035] => INJECTION-RECOVERED  [TRUST: proxy-stripped:5;injection-recovered]
  [maps_routing] task=regression feats=986 n=160019
  maps_routing         W=10 D=0.561 gate=0.99 stale=-0.021[-0.022,-0.020] den=-0.025[-0.026,-0.024] => NO-STRONG-CONCEPT
  [weather] task=regression feats=103 n=340596
  weather              W=10 D=0.961 gate=0.96 stale=-0.073[-0.203,+0.057] den=-0.074[-0.204,+0.056] => UNIDENTIFIABLE-INERT  [TRUST: proxy-stripped:3;injection-vacuous]

  v3 READ (PREREG_DEPLOYMENT_V2.md): DEPLOYMENT-CONCEPT needs the DENOISED arm within the
  noise envelope; raw-only positives are NOISE-DRIFT-CONFOUNDED or RAW-ONLY-POSITIVE, never
  concept. All verdicts are tree-ensemble-class-scoped; D = window separability, not overlap.

  wrote results/phase1/deployment_decay/summary_20260704T141745_5f3217d.json  (+ summary_latest.json)  <-- send me this
[run ] python scripts/run_deployment_decay.py --elec2 --n-seeds 10 --model linear (2026-07-04T14:17:45Z)

==== DEPLOYMENT-DECAY probe (rolling-origin: train past -> predict future) ====
  [elec2] task=binclass feats=7 n=45312
  elec2                W=10 D=0.905 gate=0.75 stale=+0.023[+0.022,+0.025] den=+0.033[+0.032,+0.035] => DEPLOYMENT-CONCEPT  [TRUST: autocorr-risk]

  v3 READ (PREREG_DEPLOYMENT_V2.md): DEPLOYMENT-CONCEPT needs the DENOISED arm within the
  noise envelope; raw-only positives are NOISE-DRIFT-CONFOUNDED or RAW-ONLY-POSITIVE, never
  concept. All verdicts are tree-ensemble-class-scoped; D = window separability, not overlap.

  wrote results/phase1/deployment_decay/summary_20260704T142045_5f3217d.json  (+ summary_latest.json)  <-- send me this
[run ] python scripts/run_deployment_decay.py --insects --n-seeds 10 --model linear (2026-07-04T14:20:45Z)

==== DEPLOYMENT-DECAY probe (rolling-origin: train past -> predict future) ====
  [insects_incremental_balanced] task=multiclass feats=33 n=57018
  insects_incremental_ W=10 D=0.806 gate=1.26 stale=+0.131[+0.128,+0.134] den=+0.155[+0.153,+0.157] => DEPLOYMENT-CONCEPT

  v3 READ (PREREG_DEPLOYMENT_V2.md): DEPLOYMENT-CONCEPT needs the DENOISED arm within the
  noise envelope; raw-only positives are NOISE-DRIFT-CONFOUNDED or RAW-ONLY-POSITIVE, never
  concept. All verdicts are tree-ensemble-class-scoped; D = window separability, not overlap.

  wrote results/phase1/deployment_decay/summary_20260704T142722_5f3217d.json  (+ summary_latest.json)  <-- send me this
[run ] python scripts/run_deployment_decay.py --tabred sberbank_housing homesite_insurance ecom_offers homecredit_default cooking_time delivery_eta maps_routing weather --config configs/phase1.yaml --n-seeds 10 --model knn (2026-07-04T14:27:23Z)

==== DEPLOYMENT-DECAY probe (rolling-origin: train past -> predict future) ====
  [sberbank_housing] task=regression feats=392 n=18847
  sberbank_housing     W=10 D=1.000 gate=1.75! stale=-0.012[-0.015,-0.009] den=-0.011[-0.014,-0.008] => INJECTION-RECOVERED  [TRUST: future-easier;proxy-stripped:1;injection-recovered]
  [homesite_insurance] task=binclass feats=299 n=224320
  homesite_insurance   W=10 D=0.990 gate=0.98 stale=-0.009[-0.010,-0.008] den=+0.005[+0.004,+0.005] => UNIDENTIFIABLE-EXPLOITABLE  [TRUST: proxy-stripped:3;injection-vacuous]
  [ecom_offers] task=binclass feats=119 n=109341
  ecom_offers          W=10 D=1.000 gate=1.30 stale=-0.011[-0.016,-0.006] den=-0.010[-0.017,-0.003] => UNIDENTIFIABLE-EXPLOITABLE  [TRUST: injection-vacuous]
  [homecredit_default] task=binclass feats=696 n=267645
  homecredit_default   W=10 D=0.963 gate=1.15 stale=-0.000[-0.003,+0.002] den=+0.015[+0.013,+0.017] => UNIDENTIFIABLE-EXPLOITABLE  [TRUST: proxy-stripped:80;injection-vacuous]
  [cooking_time] task=regression feats=192 n=227087
  cooking_time         W=10 D=0.838 gate=0.93 stale=-0.005[-0.006,-0.005] den=-0.002[-0.002,-0.002] => NO-STRONG-CONCEPT
  [delivery_eta] task=regression feats=223 n=279415
  delivery_eta         W=10 D=0.981 gate=0.91 stale=-0.004[-0.004,-0.003] den=+0.008[+0.008,+0.008] => INJECTION-RECOVERED  [TRUST: proxy-stripped:5;injection-recovered]
  [maps_routing] task=regression feats=986 n=160019
  maps_routing         W=10 D=0.535 gate=0.99 stale=-0.008[-0.009,-0.008] den=+0.009[+0.008,+0.009] => SUBFLOOR-CONCEPT-SIGNAL
  [weather] task=regression feats=103 n=340596
  weather              W=10 D=0.931 gate=0.87 stale=-0.021[-0.022,-0.020] den=-0.009[-0.010,-0.009] => DEPLOYMENT-DECAY-COVARIATE  [TRUST: proxy-stripped:3;proxy-sensitive]

  v3 READ (PREREG_DEPLOYMENT_V2.md): DEPLOYMENT-CONCEPT needs the DENOISED arm within the
  noise envelope; raw-only positives are NOISE-DRIFT-CONFOUNDED or RAW-ONLY-POSITIVE, never
  concept. All verdicts are tree-ensemble-class-scoped; D = window separability, not overlap.

  wrote results/phase1/deployment_decay/summary_20260704T161036_5f3217d.json  (+ summary_latest.json)  <-- send me this
[run ] python scripts/run_deployment_decay.py --elec2 --n-seeds 10 --model knn (2026-07-04T16:10:36Z)

==== DEPLOYMENT-DECAY probe (rolling-origin: train past -> predict future) ====
  [elec2] task=binclass feats=7 n=45312
  elec2                W=10 D=0.999 gate=0.74 stale=+0.004[+0.003,+0.004] den=+0.009[+0.008,+0.010] => INJECTION-RECOVERED  [TRUST: autocorr-risk;injection-recovered]

  v3 READ (PREREG_DEPLOYMENT_V2.md): DEPLOYMENT-CONCEPT needs the DENOISED arm within the
  noise envelope; raw-only positives are NOISE-DRIFT-CONFOUNDED or RAW-ONLY-POSITIVE, never
  concept. All verdicts are tree-ensemble-class-scoped; D = window separability, not overlap.

  wrote results/phase1/deployment_decay/summary_20260704T161521_5f3217d.json  (+ summary_latest.json)  <-- send me this
[run ] python scripts/run_deployment_decay.py --insects --n-seeds 10 --model knn (2026-07-04T16:15:21Z)

==== DEPLOYMENT-DECAY probe (rolling-origin: train past -> predict future) ====
  [insects_incremental_balanced] task=multiclass feats=33 n=57018
  insects_incremental_ W=10 D=0.822 gate=1.21 stale=+0.132[+0.128,+0.137] den=+0.168[+0.164,+0.172] => DEPLOYMENT-CONCEPT

  v3 READ (PREREG_DEPLOYMENT_V2.md): DEPLOYMENT-CONCEPT needs the DENOISED arm within the
  noise envelope; raw-only positives are NOISE-DRIFT-CONFOUNDED or RAW-ONLY-POSITIVE, never
  concept. All verdicts are tree-ensemble-class-scoped; D = window separability, not overlap.

  wrote results/phase1/deployment_decay/summary_20260704T163136_5f3217d.json  (+ summary_latest.json)  <-- send me this
==== DONE (2026-07-04T16:31:36Z) — send results/phase1/deployment_decay/summary_*.json + env freeze ====
